-- phpMyAdmin SQL Dump
-- version 4.1.14
-- http://www.phpmyadmin.net
--
-- Host: 127.0.0.1
-- Generation Time: Jul 19, 2016 at 10:12 AM
-- Server version: 5.6.17
-- PHP Version: 5.5.12

SET SQL_MODE = "NO_AUTO_VALUE_ON_ZERO";
SET time_zone = "+00:00";


/*!40101 SET @OLD_CHARACTER_SET_CLIENT=@@CHARACTER_SET_CLIENT */;
/*!40101 SET @OLD_CHARACTER_SET_RESULTS=@@CHARACTER_SET_RESULTS */;
/*!40101 SET @OLD_COLLATION_CONNECTION=@@COLLATION_CONNECTION */;
/*!40101 SET NAMES utf8 */;

--
-- Database: `testpof`
--

-- --------------------------------------------------------

--
-- Table structure for table `addresses`
--

CREATE TABLE IF NOT EXISTS `addresses` (
  `addressId` int(12) NOT NULL AUTO_INCREMENT,
  `entityId` int(12) NOT NULL,
  `stateId` int(12) NOT NULL,
  `districtId` int(12) NOT NULL,
  `cityId` int(12) NOT NULL,
  `addressLine1` varchar(200) NOT NULL,
  `addressLine2` varchar(200) NOT NULL,
  `pincode` varchar(10) NOT NULL,
  `deleted` int(2) NOT NULL DEFAULT '0',
  `status` int(2) NOT NULL DEFAULT '0',
  `created_at` timestamp NOT NULL DEFAULT CURRENT_TIMESTAMP,
  `updated_at` timestamp NOT NULL DEFAULT CURRENT_TIMESTAMP,
  `addressType` varchar(100) NOT NULL,
  `description` varchar(500) NOT NULL,
  PRIMARY KEY (`addressId`)
) ENGINE=InnoDB  DEFAULT CHARSET=latin1 AUTO_INCREMENT=35 ;

--
-- Dumping data for table `addresses`
--

INSERT INTO `addresses` (`addressId`, `entityId`, `stateId`, `districtId`, `cityId`, `addressLine1`, `addressLine2`, `pincode`, `deleted`, `status`, `created_at`, `updated_at`, `addressType`, `description`) VALUES
(1, 1, 18, 0, 0, 'kalwar road ', '', '', 0, 0, '2016-07-02 05:01:30', '2016-07-02 05:01:30', '', ''),
(2, 2, 12, 0, 0, 'Mandha Bhim Singh', '', '', 0, 0, '2016-07-02 05:08:44', '2016-07-02 05:08:44', '', ''),
(3, 3, 18, 0, 0, 'Mandha Bhim Singh', '', '', 0, 0, '2016-07-02 05:09:54', '2016-07-02 05:09:54', '', ''),
(4, 4, 15, 0, 0, 'Sindoli', '', '', 0, 0, '2016-07-02 05:10:44', '2016-07-02 05:10:44', '', ''),
(5, 5, 27, 0, 0, 'Mandha Bhim Singh', '', '', 0, 0, '2016-07-02 05:11:26', '2016-07-02 05:11:26', '', ''),
(6, 6, 31, 0, 0, 'Mandha Bhim Singh', '', '', 0, 0, '2016-07-02 05:12:18', '2016-07-02 05:12:18', '', ''),
(7, 7, 16, 0, 0, 'Mandha Bhim Singh', '', '303604', 1, 0, '2016-07-02 05:48:16', '2016-07-04 04:32:01', '', ''),
(8, 8, 18, 0, 0, 'Mandha Bhim Singh', '', '303604', 1, 0, '2016-07-03 23:36:33', '2016-07-03 23:36:33', '', ''),
(9, 9, 17, 0, 0, 'Mandha Bhim Singh', '', '303604', 1, 0, '2016-07-03 23:44:18', '2016-07-03 23:44:18', '', ''),
(10, 10, 16, 0, 0, 'Mandha Bhim Singh', '', '303604', 1, 0, '2016-07-03 23:44:59', '2016-07-03 23:44:59', '', ''),
(11, 11, 16, 0, 0, 'kalwar road ', '', '303604', 1, 0, '2016-07-04 04:04:04', '2016-07-04 04:04:04', '', ''),
(12, 12, 29, 485, 4, 'address', '', '30201', 1, 0, '2016-07-04 05:33:07', '2016-07-07 22:29:26', '', ''),
(13, 13, 16, 0, 0, 'Mandha Bhim Singh', '', '303604', 0, 0, '2016-07-05 05:34:58', '2016-07-05 05:34:58', '', ''),
(14, 14, 13, 0, 0, 'Mandha Bhim Singh', '', '303604', 0, 0, '2016-07-05 22:20:45', '2016-07-05 22:20:45', '', ''),
(15, 15, 16, 0, 0, 'Mandha Bhim Singh', '', '303604', 0, 0, '2016-07-05 22:37:29', '2016-07-05 22:37:29', '', ''),
(16, 16, 14, 0, 0, 'Mandha Bhim Singh', '', '303604', 0, 0, '2016-07-06 00:07:22', '2016-07-06 00:07:22', '', ''),
(17, 17, 7, 0, 0, 'Mandha Bhim Singh', '', '303604', 0, 0, '2016-07-06 05:00:04', '2016-07-06 05:00:04', '', ''),
(18, 18, 2, 6, 1, 'Mandha Bhim Singh', '', '303604', 0, 0, '2016-07-07 07:00:00', '2016-07-07 07:25:03', '', ''),
(19, 19, 29, 485, 4, '39 Bhomiya Nagar Kalwar Road', '', '303604', 0, 0, '2016-07-07 10:40:47', '2016-07-07 10:40:47', '', ''),
(20, 20, 29, 485, 4, 'joshi marg', '', '302012', 1, 0, '2016-07-07 22:05:19', '2016-07-07 22:05:19', '', ''),
(21, 21, 29, 466, 3, 'joshi marg', '', '303604', 0, 0, '2016-07-07 22:16:09', '2016-07-11 03:42:16', '', ''),
(22, 22, 29, 485, 4, 'kalwar road jhotwara ', '', '303604', 0, 0, '2016-07-07 22:23:52', '2016-07-10 23:00:58', '', ''),
(23, 23, 29, 485, 4, 'sindolai', '', '302012', 1, 0, '2016-07-08 00:00:33', '2016-07-08 00:00:33', '', ''),
(24, 24, 29, 485, 8, 'demo address', '', '302012', 0, 0, '2016-07-08 01:34:36', '2016-07-11 03:41:40', '', ''),
(25, 25, 29, 485, 8, 'Chandpole', '', '302012', 0, 0, '2016-07-12 06:11:21', '2016-07-12 06:11:21', '', ''),
(26, 26, 29, 485, 8, 'Chandpole', '', '302012', 1, 0, '2016-07-12 06:13:15', '2016-07-12 06:13:15', '', ''),
(27, 27, 29, 466, 8, 'Chandpole', '', '302012', 0, 0, '2016-07-13 06:17:41', '2016-07-13 06:17:41', '', ''),
(28, 28, 29, 485, 8, 'Govindpura', '', '302012', 0, 0, '2016-07-13 07:13:31', '2016-07-13 07:13:31', '', ''),
(29, 29, 29, 466, 12, 'Mandha Bhim singh', '', '303604', 0, 0, '2016-07-13 23:06:00', '2016-07-13 23:35:43', '', ''),
(30, 30, 29, 485, 4, 'Chandpole', '', '303604', 0, 0, '2016-07-14 01:35:35', '2016-07-14 01:35:35', '', ''),
(31, 31, 29, 485, 8, 'Mandha Bhim singh', '', '302012', 0, 0, '2016-07-14 23:28:51', '2016-07-14 23:28:51', '', ''),
(32, 32, 29, 485, 8, 'Kalwar road mandha bhim singh', '', '302012', 0, 0, '2016-07-15 01:59:32', '2016-07-15 01:59:32', '', ''),
(33, 33, 29, 485, 8, '38 cosmo colony', '', '302012', 0, 0, '2016-07-18 00:08:26', '2016-07-18 00:08:26', '', ''),
(34, 37, 29, 485, 8, 'Mandha Bhim singh', '', '302012', 0, 0, '2016-07-19 00:20:05', '2016-07-19 00:20:05', '', '');

-- --------------------------------------------------------

--
-- Table structure for table `book_details`
--

CREATE TABLE IF NOT EXISTS `book_details` (
  `id` int(10) unsigned NOT NULL AUTO_INCREMENT,
  `entityId` int(11) NOT NULL,
  `classId` int(11) NOT NULL,
  `schoolId` int(11) NOT NULL,
  `sessionYear` varchar(255) COLLATE utf8_unicode_ci NOT NULL,
  `noofBookFirstVisitPMO` int(11) NOT NULL,
  `noofBookFirstVisitPSO` int(11) NOT NULL,
  `noofBookLastVisitPMO` int(11) NOT NULL,
  `noofBookLastVisitPSO` int(11) NOT NULL,
  `returnBook` int(11) NOT NULL,
  `other` int(11) NOT NULL,
  `total` int(11) NOT NULL,
  `deleted` int(2) NOT NULL DEFAULT '0',
  `status` int(2) NOT NULL DEFAULT '0',
  `created_at` timestamp NULL DEFAULT NULL,
  `updated_at` timestamp NULL DEFAULT NULL,
  PRIMARY KEY (`id`)
) ENGINE=InnoDB  DEFAULT CHARSET=utf8 COLLATE=utf8_unicode_ci AUTO_INCREMENT=33 ;

--
-- Dumping data for table `book_details`
--

INSERT INTO `book_details` (`id`, `entityId`, `classId`, `schoolId`, `sessionYear`, `noofBookFirstVisitPMO`, `noofBookFirstVisitPSO`, `noofBookLastVisitPMO`, `noofBookLastVisitPSO`, `returnBook`, `other`, `total`, `deleted`, `status`, `created_at`, `updated_at`) VALUES
(1, 31, 2, 1, '2016-2017', 10, 8, 7, 5, 33, 78, 75, 0, 0, '2016-07-14 23:28:50', '2016-07-14 23:28:50'),
(2, 31, 4, 1, '2016-2017', 76, 33, 66, 66, 6, 6, 241, 0, 0, '2016-07-14 23:28:50', '2016-07-14 23:28:50'),
(3, 31, 5, 1, '2016-2017', 35, 76, 65, 44, 43, 4, 181, 0, 0, '2016-07-14 23:28:50', '2016-07-14 23:28:50'),
(4, 31, 6, 1, '2016-2017', 6, 6, 6, 6, 6, 0, 18, 0, 0, '2016-07-14 23:28:50', '2016-07-14 23:28:50'),
(5, 31, 7, 1, '2016-2017', 8, 6, 5, 54, 4, 4, 73, 0, 0, '2016-07-14 23:28:51', '2016-07-14 23:28:51'),
(6, 31, 8, 1, '2016-2017', 5, 5, 5, 5, 5, 5, 20, 0, 0, '2016-07-14 23:28:51', '2016-07-14 23:28:51'),
(7, 31, 9, 1, '2016-2017', 7, 7, 6, 5, 4, 8, 29, 0, 0, '2016-07-14 23:28:51', '2016-07-14 23:28:51'),
(8, 31, 10, 1, '2016-2017', 1, 7, 7, 6, 2, 4, 23, 0, 0, '2016-07-14 23:28:51', '2016-07-14 23:28:51'),
(9, 32, 2, 2, '2016-2017', 10, 14, 12, 13, 12, 15, 52, 0, 0, '2016-07-15 01:59:29', '2016-07-15 01:59:29'),
(10, 32, 4, 2, '2016-2017', 1, 19, 3, 4, 5, 6, 25, 0, 0, '2016-07-15 01:59:30', '2016-07-15 01:59:30'),
(11, 32, 5, 2, '2016-2017', 7, 8, 9, 10, 11, 12, 35, 0, 0, '2016-07-15 01:59:30', '2016-07-15 01:59:30'),
(12, 32, 6, 2, '2016-2017', 13, 14, 15, 16, 17, 18, 59, 0, 0, '2016-07-15 01:59:30', '2016-07-15 01:59:30'),
(13, 32, 7, 2, '2016-2017', 19, 20, 21, 22, 23, 24, 83, 0, 0, '2016-07-15 01:59:31', '2016-07-15 01:59:31'),
(14, 32, 8, 2, '2016-2017', 25, 26, 27, 28, 29, 30, 107, 0, 0, '2016-07-15 01:59:31', '2016-07-15 01:59:31'),
(15, 32, 9, 2, '2016-2017', 31, 32, 33, 34, 35, 36, 131, 0, 0, '2016-07-15 01:59:32', '2016-07-15 01:59:32'),
(16, 32, 10, 2, '2016-2017', 38, 39, 40, 41, 42, 43, 159, 0, 0, '2016-07-15 01:59:32', '2016-07-15 01:59:32'),
(17, 33, 2, 3, '2016-2017', 10, 15, 25, 30, 4, 5, 81, 0, 0, '2016-07-18 00:08:23', '2016-07-18 00:08:23'),
(18, 33, 4, 3, '2016-2017', 5, 20, 25, 30, 5, 10, 85, 0, 0, '2016-07-18 00:08:24', '2016-07-18 00:08:24'),
(19, 33, 5, 3, '2016-2017', 45, 50, 30, 60, 0, 12, 197, 0, 0, '2016-07-18 00:08:24', '2016-07-18 00:08:24'),
(20, 33, 6, 3, '2016-2017', 3, 6, 8, 9, 0, 45, 71, 0, 0, '2016-07-18 00:08:24', '2016-07-18 00:08:24'),
(21, 33, 7, 3, '2016-2017', 0, 0, 0, 0, 0, 0, 0, 0, 0, '2016-07-18 00:08:25', '2016-07-18 00:08:25'),
(22, 33, 8, 3, '2016-2017', 0, 0, 0, 0, 0, 0, 0, 0, 0, '2016-07-18 00:08:25', '2016-07-18 00:08:25'),
(23, 33, 9, 3, '2016-2017', 0, 0, 0, 0, 0, 0, 0, 0, 0, '2016-07-18 00:08:25', '2016-07-18 00:08:25'),
(24, 33, 10, 3, '2016-2017', 0, 0, 0, 0, 0, 0, 0, 0, 0, '2016-07-18 00:08:25', '2016-07-18 00:08:25'),
(25, 37, 2, 4, '2016-2017', 0, 0, 0, 0, 0, 0, 0, 0, 0, '2016-07-19 00:20:03', '2016-07-19 00:20:03'),
(26, 37, 4, 4, '2016-2017', 0, 0, 0, 0, 0, 0, 0, 0, 0, '2016-07-19 00:20:03', '2016-07-19 00:20:03'),
(27, 37, 5, 4, '2016-2017', 0, 0, 0, 0, 0, 0, 0, 0, 0, '2016-07-19 00:20:04', '2016-07-19 00:20:04'),
(28, 37, 6, 4, '2016-2017', 0, 0, 0, 0, 0, 0, 0, 0, 0, '2016-07-19 00:20:04', '2016-07-19 00:20:04'),
(29, 37, 7, 4, '2016-2017', 0, 0, 0, 0, 0, 0, 0, 0, 0, '2016-07-19 00:20:04', '2016-07-19 00:20:04'),
(30, 37, 8, 4, '2016-2017', 0, 0, 0, 0, 0, 0, 0, 0, 0, '2016-07-19 00:20:05', '2016-07-19 00:20:05'),
(31, 37, 9, 4, '2016-2017', 0, 0, 0, 0, 0, 0, 0, 0, 0, '2016-07-19 00:20:05', '2016-07-19 00:20:05'),
(32, 37, 10, 4, '2016-2017', 0, 0, 0, 0, 0, 0, 0, 0, 0, '2016-07-19 00:20:05', '2016-07-19 00:20:05');

-- --------------------------------------------------------

--
-- Table structure for table `citys`
--

CREATE TABLE IF NOT EXISTS `citys` (
  `id` int(10) unsigned NOT NULL AUTO_INCREMENT,
  `state_id` int(11) NOT NULL,
  `district_id` int(11) NOT NULL,
  `cityName` varchar(255) NOT NULL,
  `deleted` int(2) NOT NULL DEFAULT '0',
  `status` int(2) NOT NULL DEFAULT '0',
  `created_at` timestamp NOT NULL DEFAULT CURRENT_TIMESTAMP,
  `updated_at` timestamp NOT NULL DEFAULT CURRENT_TIMESTAMP,
  PRIMARY KEY (`id`)
) ENGINE=InnoDB  DEFAULT CHARSET=latin1 AUTO_INCREMENT=13 ;

--
-- Dumping data for table `citys`
--

INSERT INTO `citys` (`id`, `state_id`, `district_id`, `cityName`, `deleted`, `status`, `created_at`, `updated_at`) VALUES
(1, 2, 5, 'Jobner', 0, 0, '2016-07-07 06:31:35', '2016-07-07 06:31:35'),
(2, 2, 5, 'Renwal', 0, 0, '2016-07-07 06:32:59', '2016-07-07 06:32:59'),
(3, 29, 466, 'Chomu', 0, 0, '2016-07-07 10:11:46', '2016-07-07 10:13:31'),
(4, 29, 485, 'Kaladera', 0, 0, '2016-07-07 10:16:58', '2016-07-07 10:16:58'),
(8, 29, 485, 'jhotwara', 0, 0, '2016-07-08 01:38:28', '2016-07-08 01:38:28'),
(9, 2, 6, 'Sindoli', 0, 0, '2016-07-08 04:51:02', '2016-07-08 04:51:02'),
(10, 29, 466, 'Beawer', 0, 0, '2016-07-08 04:56:49', '2016-07-08 04:56:49'),
(11, 29, 485, 'Nawa', 0, 0, '2016-07-11 05:22:55', '2016-07-11 05:22:55'),
(12, 29, 466, 'kishangarh', 0, 0, '2016-07-11 05:29:27', '2016-07-11 21:12:38');

-- --------------------------------------------------------

--
-- Table structure for table `class_names`
--

CREATE TABLE IF NOT EXISTS `class_names` (
  `id` int(10) unsigned NOT NULL AUTO_INCREMENT,
  `name` varchar(255) COLLATE utf8_unicode_ci NOT NULL,
  `deleted` int(2) NOT NULL,
  `status` int(2) NOT NULL,
  `created_at` timestamp NULL DEFAULT NULL,
  `updated_at` timestamp NULL DEFAULT NULL,
  PRIMARY KEY (`id`)
) ENGINE=InnoDB  DEFAULT CHARSET=utf8 COLLATE=utf8_unicode_ci AUTO_INCREMENT=11 ;

--
-- Dumping data for table `class_names`
--

INSERT INTO `class_names` (`id`, `name`, `deleted`, `status`, `created_at`, `updated_at`) VALUES
(1, '1', 1, 0, '2016-07-07 04:57:21', '2016-07-07 04:57:21'),
(2, '3', 0, 0, '2016-07-07 04:57:29', '2016-07-14 04:31:20'),
(3, '3', 1, 0, '2016-07-07 04:58:14', '2016-07-07 04:58:14'),
(4, '4', 0, 0, '2016-07-07 04:59:37', '2016-07-14 04:31:29'),
(5, '5', 0, 0, '2016-07-07 04:59:52', '2016-07-14 04:31:38'),
(6, '6', 0, 0, '2016-07-07 16:23:08', '2016-07-14 04:31:46'),
(7, '7', 0, 0, '2016-07-07 19:00:33', '2016-07-14 04:31:55'),
(8, '8', 0, 0, '2016-07-07 20:09:04', '2016-07-14 04:32:06'),
(9, '9', 0, 0, '2016-07-13 18:22:02', '2016-07-14 04:32:16'),
(10, '10', 0, 0, '2016-07-13 18:22:12', '2016-07-14 04:32:27');

-- --------------------------------------------------------

--
-- Table structure for table `designations`
--

CREATE TABLE IF NOT EXISTS `designations` (
  `id` int(10) unsigned NOT NULL AUTO_INCREMENT,
  `designation` varchar(255) COLLATE utf8_unicode_ci NOT NULL,
  `deleted` int(11) NOT NULL,
  `status` int(11) NOT NULL,
  `created_at` timestamp NULL DEFAULT NULL,
  `updated_at` timestamp NULL DEFAULT NULL,
  PRIMARY KEY (`id`)
) ENGINE=InnoDB  DEFAULT CHARSET=utf8 COLLATE=utf8_unicode_ci AUTO_INCREMENT=8 ;

--
-- Dumping data for table `designations`
--

INSERT INTO `designations` (`id`, `designation`, `deleted`, `status`, `created_at`, `updated_at`) VALUES
(1, 'Team Leader', 0, 0, '2016-07-04 17:16:55', '2016-07-08 00:29:09'),
(2, 'Member', 0, 0, '2016-07-04 18:34:42', '2016-07-08 00:29:20'),
(3, 'Employee', 0, 0, '2016-07-05 00:40:56', '2016-07-05 00:40:56'),
(4, 'Student', 0, 0, '2016-07-07 10:26:03', '2016-07-08 00:28:42'),
(5, 'Teacher', 0, 0, '2016-07-07 10:26:44', '2016-07-07 10:26:44'),
(6, 'Teachers', 1, 0, '2016-07-07 21:52:18', '2016-07-07 21:52:18'),
(7, 'Computer Operator', 0, 0, '2016-07-08 00:28:06', '2016-07-08 00:28:21');

-- --------------------------------------------------------

--
-- Table structure for table `districts`
--

CREATE TABLE IF NOT EXISTS `districts` (
  `id` int(8) NOT NULL AUTO_INCREMENT,
  `state_id` int(8) DEFAULT NULL,
  `name` varchar(100) DEFAULT NULL,
  `deleted` int(2) NOT NULL,
  `status` int(2) NOT NULL,
  `created_at` timestamp NOT NULL DEFAULT CURRENT_TIMESTAMP,
  `updated_at` timestamp NOT NULL DEFAULT CURRENT_TIMESTAMP,
  PRIMARY KEY (`id`)
) ENGINE=InnoDB  DEFAULT CHARSET=utf8 AUTO_INCREMENT=646 ;

--
-- Dumping data for table `districts`
--

INSERT INTO `districts` (`id`, `state_id`, `name`, `deleted`, `status`, `created_at`, `updated_at`) VALUES
(1, 2, 'North Andaman', 0, 0, '2016-07-04 05:50:40', '2016-07-08 04:57:48'),
(2, 4, 'South Andaman', 0, 0, '2016-07-04 05:50:40', '2016-07-07 05:28:32'),
(3, 1, 'Nicobar', 0, 0, '2016-07-04 05:50:40', '2016-07-04 05:50:40'),
(4, 17, 'Adilabad', 0, 0, '2016-07-04 05:50:40', '2016-07-07 05:27:55'),
(5, 2, 'Anantapur', 0, 0, '2016-07-04 05:50:40', '2016-07-04 05:50:40'),
(6, 2, 'Chittoor', 0, 0, '2016-07-04 05:50:40', '2016-07-04 05:50:40'),
(7, 2, 'East Godavari', 0, 0, '2016-07-04 05:50:40', '2016-07-04 05:50:40'),
(8, 2, 'Guntur', 0, 0, '2016-07-04 05:50:40', '2016-07-04 05:50:40'),
(9, 2, 'Hyderabad', 0, 0, '2016-07-04 05:50:40', '2016-07-04 05:50:40'),
(10, 2, 'Karimnagar', 0, 0, '2016-07-04 05:50:40', '2016-07-04 05:50:40'),
(11, 2, 'Khammam', 0, 0, '2016-07-04 05:50:40', '2016-07-04 05:50:40'),
(12, 2, 'Krishna', 0, 0, '2016-07-04 05:50:40', '2016-07-04 05:50:40'),
(13, 2, 'Kurnool', 0, 0, '2016-07-04 05:50:40', '2016-07-04 05:50:40'),
(14, 2, 'Mahbubnagar', 0, 0, '2016-07-04 05:50:40', '2016-07-04 05:50:40'),
(15, 2, 'Medak', 0, 0, '2016-07-04 05:50:40', '2016-07-04 05:50:40'),
(17, 2, 'Nizamabad', 0, 0, '2016-07-04 05:50:40', '2016-07-04 05:50:40'),
(18, 2, 'Prakasam', 0, 0, '2016-07-04 05:50:40', '2016-07-04 05:50:40'),
(19, 2, 'Ranga Reddy', 0, 0, '2016-07-04 05:50:40', '2016-07-04 05:50:40'),
(20, 2, 'Srikakulam', 0, 0, '2016-07-04 05:50:40', '2016-07-04 05:50:40'),
(21, 2, 'Sri Potti Sri Ramulu Nellore', 0, 0, '2016-07-04 05:50:40', '2016-07-04 05:50:40'),
(22, 2, 'Vishakhapatnam', 0, 0, '2016-07-04 05:50:40', '2016-07-04 05:50:40'),
(23, 2, 'Vizianagaram', 0, 0, '2016-07-04 05:50:40', '2016-07-04 05:50:40'),
(24, 2, 'Warangal', 0, 0, '2016-07-04 05:50:40', '2016-07-04 05:50:40'),
(25, 2, 'West Godavari', 0, 0, '2016-07-04 05:50:40', '2016-07-04 05:50:40'),
(26, 2, 'Cudappah', 0, 0, '2016-07-04 05:50:40', '2016-07-04 05:50:40'),
(27, 3, 'Anjaw', 0, 0, '2016-07-04 05:50:40', '2016-07-04 05:50:40'),
(28, 3, 'Changlang', 0, 0, '2016-07-04 05:50:40', '2016-07-04 05:50:40'),
(29, 3, 'East Siang', 0, 0, '2016-07-04 05:50:40', '2016-07-04 05:50:40'),
(30, 3, 'East Kameng', 0, 0, '2016-07-04 05:50:40', '2016-07-04 05:50:40'),
(31, 3, 'Kurung Kumey', 0, 0, '2016-07-04 05:50:40', '2016-07-04 05:50:40'),
(32, 3, 'Lohit', 0, 0, '2016-07-04 05:50:40', '2016-07-04 05:50:40'),
(33, 3, 'Lower Dibang Valley', 0, 0, '2016-07-04 05:50:40', '2016-07-04 05:50:40'),
(34, 3, 'Lower Subansiri', 0, 0, '2016-07-04 05:50:40', '2016-07-04 05:50:40'),
(35, 3, 'Papum Pare', 0, 0, '2016-07-04 05:50:40', '2016-07-04 05:50:40'),
(36, 3, 'Tawang', 0, 0, '2016-07-04 05:50:40', '2016-07-04 05:50:40'),
(37, 3, 'Tirap', 0, 0, '2016-07-04 05:50:40', '2016-07-04 05:50:40'),
(38, 3, 'Dibang Valley', 0, 0, '2016-07-04 05:50:40', '2016-07-04 05:50:40'),
(39, 3, 'Upper Siang', 0, 0, '2016-07-04 05:50:40', '2016-07-04 05:50:40'),
(40, 3, 'Upper Subansiri', 0, 0, '2016-07-04 05:50:40', '2016-07-04 05:50:40'),
(41, 3, 'West Kameng', 0, 0, '2016-07-04 05:50:40', '2016-07-04 05:50:40'),
(42, 3, 'West Siang', 0, 0, '2016-07-04 05:50:40', '2016-07-04 05:50:40'),
(43, 4, 'Baksa', 0, 0, '2016-07-04 05:50:40', '2016-07-04 05:50:40'),
(44, 4, 'Barpeta', 0, 0, '2016-07-04 05:50:40', '2016-07-04 05:50:40'),
(45, 4, 'Bongaigaon', 0, 0, '2016-07-04 05:50:40', '2016-07-04 05:50:40'),
(46, 4, 'Cachar', 0, 0, '2016-07-04 05:50:40', '2016-07-04 05:50:40'),
(47, 4, 'Chirang', 0, 0, '2016-07-04 05:50:40', '2016-07-04 05:50:40'),
(48, 4, 'Darrang', 0, 0, '2016-07-04 05:50:40', '2016-07-04 05:50:40'),
(49, 4, 'Dhemaji', 0, 0, '2016-07-04 05:50:40', '2016-07-04 05:50:40'),
(50, 4, 'Dima Hasao', 0, 0, '2016-07-04 05:50:40', '2016-07-04 05:50:40'),
(51, 4, 'Dhubri', 0, 0, '2016-07-04 05:50:40', '2016-07-04 05:50:40'),
(52, 4, 'Dibrugarh', 0, 0, '2016-07-04 05:50:40', '2016-07-04 05:50:40'),
(53, 4, 'Goalpara', 0, 0, '2016-07-04 05:50:40', '2016-07-04 05:50:40'),
(54, 4, 'Golaghat', 0, 0, '2016-07-04 05:50:40', '2016-07-04 05:50:40'),
(55, 4, 'Hailakandi', 0, 0, '2016-07-04 05:50:40', '2016-07-04 05:50:40'),
(56, 4, 'Jorhat', 0, 0, '2016-07-04 05:50:40', '2016-07-04 05:50:40'),
(57, 4, 'Kamrup', 0, 0, '2016-07-04 05:50:40', '2016-07-04 05:50:40'),
(58, 4, 'Kamrup Metropolitan', 0, 0, '2016-07-04 05:50:40', '2016-07-04 05:50:40'),
(59, 4, 'Karbi Anglong', 0, 0, '2016-07-04 05:50:40', '2016-07-04 05:50:40'),
(60, 4, 'Karimganj', 0, 0, '2016-07-04 05:50:40', '2016-07-04 05:50:40'),
(61, 4, 'Kokrajhar', 0, 0, '2016-07-04 05:50:40', '2016-07-04 05:50:40'),
(62, 4, 'Lakhimpur', 0, 0, '2016-07-04 05:50:40', '2016-07-04 05:50:40'),
(63, 4, 'Morigaon', 0, 0, '2016-07-04 05:50:40', '2016-07-04 05:50:40'),
(64, 4, 'Nagaon', 0, 0, '2016-07-04 05:50:40', '2016-07-04 05:50:40'),
(65, 4, 'Nalbari', 0, 0, '2016-07-04 05:50:40', '2016-07-04 05:50:40'),
(66, 4, 'Sivasagar', 0, 0, '2016-07-04 05:50:40', '2016-07-04 05:50:40'),
(67, 4, 'Sonitpur', 0, 0, '2016-07-04 05:50:40', '2016-07-04 05:50:40'),
(68, 4, 'Tinsukia', 0, 0, '2016-07-04 05:50:40', '2016-07-04 05:50:40'),
(69, 4, 'Udalguri', 0, 0, '2016-07-04 05:50:40', '2016-07-04 05:50:40'),
(70, 5, 'Araria', 0, 0, '2016-07-04 05:50:40', '2016-07-04 05:50:40'),
(71, 5, 'Arwal', 0, 0, '2016-07-04 05:50:40', '2016-07-04 05:50:40'),
(72, 5, 'Aurangabad', 0, 0, '2016-07-04 05:50:40', '2016-07-04 05:50:40'),
(73, 5, 'Banka', 0, 0, '2016-07-04 05:50:40', '2016-07-04 05:50:40'),
(74, 5, 'Begusarai', 0, 0, '2016-07-04 05:50:40', '2016-07-04 05:50:40'),
(75, 5, 'Bhagalpur', 0, 0, '2016-07-04 05:50:40', '2016-07-04 05:50:40'),
(76, 5, 'Bhojpur', 0, 0, '2016-07-04 05:50:40', '2016-07-04 05:50:40'),
(77, 5, 'Buxar', 0, 0, '2016-07-04 05:50:40', '2016-07-04 05:50:40'),
(78, 5, 'Darbhanga', 0, 0, '2016-07-04 05:50:40', '2016-07-04 05:50:40'),
(79, 5, 'East Champaran', 0, 0, '2016-07-04 05:50:40', '2016-07-04 05:50:40'),
(80, 5, 'Gaya', 0, 0, '2016-07-04 05:50:40', '2016-07-04 05:50:40'),
(81, 5, 'Gopalganj', 0, 0, '2016-07-04 05:50:40', '2016-07-04 05:50:40'),
(82, 5, 'Jamui', 0, 0, '2016-07-04 05:50:40', '2016-07-04 05:50:40'),
(83, 5, 'Jehanabad', 0, 0, '2016-07-04 05:50:40', '2016-07-04 05:50:40'),
(84, 5, 'Kaimur', 0, 0, '2016-07-04 05:50:40', '2016-07-04 05:50:40'),
(85, 5, 'Katihar', 0, 0, '2016-07-04 05:50:40', '2016-07-04 05:50:40'),
(86, 5, 'Khagaria', 0, 0, '2016-07-04 05:50:40', '2016-07-04 05:50:40'),
(87, 5, 'Kishanganj', 0, 0, '2016-07-04 05:50:40', '2016-07-04 05:50:40'),
(88, 5, 'Lakhisarai', 0, 0, '2016-07-04 05:50:40', '2016-07-04 05:50:40'),
(89, 5, 'Madhepura', 0, 0, '2016-07-04 05:50:40', '2016-07-04 05:50:40'),
(90, 5, 'Madhubani', 0, 0, '2016-07-04 05:50:40', '2016-07-04 05:50:40'),
(91, 5, 'Munger', 0, 0, '2016-07-04 05:50:40', '2016-07-04 05:50:40'),
(92, 5, 'Muzaffarpur', 0, 0, '2016-07-04 05:50:40', '2016-07-04 05:50:40'),
(93, 5, 'Nalanda', 0, 0, '2016-07-04 05:50:40', '2016-07-04 05:50:40'),
(94, 5, 'Nawada', 0, 0, '2016-07-04 05:50:40', '2016-07-04 05:50:40'),
(95, 5, 'Patna', 0, 0, '2016-07-04 05:50:40', '2016-07-04 05:50:40'),
(96, 5, 'Purnia', 0, 0, '2016-07-04 05:50:40', '2016-07-04 05:50:40'),
(97, 5, 'Rohtas', 0, 0, '2016-07-04 05:50:40', '2016-07-04 05:50:40'),
(98, 5, 'Saharsa', 0, 0, '2016-07-04 05:50:40', '2016-07-04 05:50:40'),
(99, 5, 'Samastipur', 0, 0, '2016-07-04 05:50:40', '2016-07-04 05:50:40'),
(100, 5, 'Saran', 0, 0, '2016-07-04 05:50:40', '2016-07-04 05:50:40'),
(101, 5, 'Sheikhpura', 0, 0, '2016-07-04 05:50:40', '2016-07-04 05:50:40'),
(102, 5, 'Sheohar', 0, 0, '2016-07-04 05:50:40', '2016-07-04 05:50:40'),
(103, 5, 'Sitamarhi', 0, 0, '2016-07-04 05:50:40', '2016-07-04 05:50:40'),
(104, 5, 'Siwan', 0, 0, '2016-07-04 05:50:40', '2016-07-04 05:50:40'),
(105, 5, 'Supaul', 0, 0, '2016-07-04 05:50:40', '2016-07-04 05:50:40'),
(106, 6, 'Chandigarh', 0, 0, '2016-07-04 05:50:40', '2016-07-04 05:50:40'),
(107, 7, 'Bastar', 0, 0, '2016-07-04 05:50:40', '2016-07-04 05:50:40'),
(108, 7, 'Bijapur', 0, 0, '2016-07-04 05:50:40', '2016-07-04 05:50:40'),
(109, 7, 'Bilaspur', 0, 0, '2016-07-04 05:50:40', '2016-07-04 05:50:40'),
(110, 7, 'Dantewada', 0, 0, '2016-07-04 05:50:40', '2016-07-04 05:50:40'),
(111, 7, 'Dhamtari', 0, 0, '2016-07-04 05:50:40', '2016-07-04 05:50:40'),
(112, 7, 'Durg', 0, 0, '2016-07-04 05:50:40', '2016-07-04 05:50:40'),
(113, 7, 'Jashpur', 0, 0, '2016-07-04 05:50:40', '2016-07-04 05:50:40'),
(114, 7, 'Janjgir-Champa', 0, 0, '2016-07-04 05:50:40', '2016-07-04 05:50:40'),
(115, 7, 'Korba', 0, 0, '2016-07-04 05:50:40', '2016-07-04 05:50:40'),
(116, 7, 'Koriya', 0, 0, '2016-07-04 05:50:40', '2016-07-04 05:50:40'),
(117, 7, 'Kanker', 0, 0, '2016-07-04 05:50:40', '2016-07-04 05:50:40'),
(118, 7, 'Kabirdham (formerly Kawardha)', 0, 0, '2016-07-04 05:50:40', '2016-07-04 05:50:40'),
(119, 7, 'Mahasamund', 0, 0, '2016-07-04 05:50:40', '2016-07-04 05:50:40'),
(120, 7, 'Narayanpur', 0, 0, '2016-07-04 05:50:40', '2016-07-04 05:50:40'),
(121, 7, 'Raigarh', 0, 0, '2016-07-04 05:50:40', '2016-07-04 05:50:40'),
(122, 7, 'Rajnandgaon', 0, 0, '2016-07-04 05:50:40', '2016-07-04 05:50:40'),
(123, 7, 'Raipur', 0, 0, '2016-07-04 05:50:40', '2016-07-04 05:50:40'),
(124, 7, 'Surguja', 0, 0, '2016-07-04 05:50:40', '2016-07-04 05:50:40'),
(125, 8, 'Dadra and Nagar Haveli', 0, 0, '2016-07-04 05:50:40', '2016-07-04 05:50:40'),
(126, 9, 'Daman', 0, 0, '2016-07-04 05:50:40', '2016-07-04 05:50:40'),
(127, 9, 'Diu', 0, 0, '2016-07-04 05:50:40', '2016-07-04 05:50:40'),
(128, 10, 'Central Delhi', 0, 0, '2016-07-04 05:50:40', '2016-07-04 05:50:40'),
(129, 10, 'East Delhi', 0, 0, '2016-07-04 05:50:40', '2016-07-04 05:50:40'),
(130, 10, 'New Delhi', 0, 0, '2016-07-04 05:50:40', '2016-07-04 05:50:40'),
(131, 10, 'North Delhi', 0, 0, '2016-07-04 05:50:40', '2016-07-04 05:50:40'),
(132, 10, 'North East Delhi', 0, 0, '2016-07-04 05:50:40', '2016-07-04 05:50:40'),
(133, 10, 'North West Delhi', 0, 0, '2016-07-04 05:50:40', '2016-07-04 05:50:40'),
(134, 10, 'South Delhi', 0, 0, '2016-07-04 05:50:40', '2016-07-04 05:50:40'),
(135, 10, 'South West Delhi', 0, 0, '2016-07-04 05:50:40', '2016-07-04 05:50:40'),
(136, 10, 'West Delhi', 0, 0, '2016-07-04 05:50:40', '2016-07-04 05:50:40'),
(137, 11, 'North Goa', 0, 0, '2016-07-04 05:50:40', '2016-07-04 05:50:40'),
(138, 11, 'South Goa', 0, 0, '2016-07-04 05:50:40', '2016-07-04 05:50:40'),
(139, 12, 'Ahmedabad', 0, 0, '2016-07-04 05:50:40', '2016-07-04 05:50:40'),
(140, 12, 'Amreli district', 0, 0, '2016-07-04 05:50:40', '2016-07-04 05:50:40'),
(141, 12, 'Anand', 0, 0, '2016-07-04 05:50:40', '2016-07-04 05:50:40'),
(142, 12, 'Banaskantha', 0, 0, '2016-07-04 05:50:40', '2016-07-04 05:50:40'),
(143, 12, 'Bharuch', 0, 0, '2016-07-04 05:50:40', '2016-07-04 05:50:40'),
(144, 12, 'Bhavnagar', 0, 0, '2016-07-04 05:50:40', '2016-07-04 05:50:40'),
(145, 12, 'Dahod', 0, 0, '2016-07-04 05:50:40', '2016-07-04 05:50:40'),
(146, 12, 'The Dangs', 0, 0, '2016-07-04 05:50:40', '2016-07-04 05:50:40'),
(147, 12, 'Gandhinagar', 0, 0, '2016-07-04 05:50:40', '2016-07-04 05:50:40'),
(148, 12, 'Jamnagar', 0, 0, '2016-07-04 05:50:40', '2016-07-04 05:50:40'),
(149, 12, 'Junagadh', 0, 0, '2016-07-04 05:50:40', '2016-07-04 05:50:40'),
(150, 12, 'Kutch', 0, 0, '2016-07-04 05:50:40', '2016-07-04 05:50:40'),
(151, 12, 'Kheda', 0, 0, '2016-07-04 05:50:40', '2016-07-04 05:50:40'),
(152, 12, 'Mehsana', 0, 0, '2016-07-04 05:50:40', '2016-07-04 05:50:40'),
(153, 12, 'Narmada', 0, 0, '2016-07-04 05:50:40', '2016-07-04 05:50:40'),
(154, 12, 'Navsari', 0, 0, '2016-07-04 05:50:40', '2016-07-04 05:50:40'),
(155, 12, 'Patan', 0, 0, '2016-07-04 05:50:40', '2016-07-04 05:50:40'),
(156, 12, 'Panchmahal', 0, 0, '2016-07-04 05:50:40', '2016-07-04 05:50:40'),
(157, 12, 'Porbandar', 0, 0, '2016-07-04 05:50:40', '2016-07-04 05:50:40'),
(158, 12, 'Rajkot', 0, 0, '2016-07-04 05:50:40', '2016-07-04 05:50:40'),
(159, 12, 'Sabarkantha', 0, 0, '2016-07-04 05:50:40', '2016-07-04 05:50:40'),
(160, 12, 'Surendranagar', 0, 0, '2016-07-04 05:50:40', '2016-07-04 05:50:40'),
(161, 12, 'Surat', 0, 0, '2016-07-04 05:50:40', '2016-07-04 05:50:40'),
(162, 12, 'Tapi', 0, 0, '2016-07-04 05:50:40', '2016-07-04 05:50:40'),
(163, 12, 'Vadodara', 0, 0, '2016-07-04 05:50:40', '2016-07-04 05:50:40'),
(164, 12, 'Valsad', 0, 0, '2016-07-04 05:50:40', '2016-07-04 05:50:40'),
(165, 13, 'Ambala', 0, 0, '2016-07-04 05:50:40', '2016-07-04 05:50:40'),
(166, 13, 'Bhiwani', 0, 0, '2016-07-04 05:50:40', '2016-07-04 05:50:40'),
(167, 13, 'Faridabad', 0, 0, '2016-07-04 05:50:40', '2016-07-04 05:50:40'),
(168, 13, 'Fatehabad', 0, 0, '2016-07-04 05:50:40', '2016-07-04 05:50:40'),
(169, 13, 'Gurgaon', 0, 0, '2016-07-04 05:50:40', '2016-07-04 05:50:40'),
(170, 13, 'Hissar', 0, 0, '2016-07-04 05:50:40', '2016-07-04 05:50:40'),
(171, 13, 'Jhajjar', 0, 0, '2016-07-04 05:50:40', '2016-07-04 05:50:40'),
(172, 13, 'Jind', 0, 0, '2016-07-04 05:50:40', '2016-07-04 05:50:40'),
(173, 13, 'Karnal', 0, 0, '2016-07-04 05:50:40', '2016-07-04 05:50:40'),
(174, 13, 'Kaithal', 0, 0, '2016-07-04 05:50:40', '2016-07-04 05:50:40'),
(175, 13, 'Kurukshetra', 0, 0, '2016-07-04 05:50:40', '2016-07-04 05:50:40'),
(176, 13, 'Mahendragarh', 0, 0, '2016-07-04 05:50:40', '2016-07-04 05:50:40'),
(177, 13, 'Mewat', 0, 0, '2016-07-04 05:50:40', '2016-07-04 05:50:40'),
(178, 13, 'Palwal', 0, 0, '2016-07-04 05:50:40', '2016-07-04 05:50:40'),
(179, 13, 'Panchkula', 0, 0, '2016-07-04 05:50:40', '2016-07-04 05:50:40'),
(180, 13, 'Panipat', 0, 0, '2016-07-04 05:50:40', '2016-07-04 05:50:40'),
(181, 13, 'Rewari', 0, 0, '2016-07-04 05:50:40', '2016-07-04 05:50:40'),
(182, 13, 'Rohtak', 0, 0, '2016-07-04 05:50:40', '2016-07-04 05:50:40'),
(183, 13, 'Sirsa', 0, 0, '2016-07-04 05:50:40', '2016-07-04 05:50:40'),
(184, 13, 'Sonipat', 0, 0, '2016-07-04 05:50:40', '2016-07-04 05:50:40'),
(185, 13, 'Yamuna Nagar', 0, 0, '2016-07-04 05:50:40', '2016-07-04 05:50:40'),
(186, 14, 'Bilaspur', 0, 0, '2016-07-04 05:50:40', '2016-07-04 05:50:40'),
(187, 14, 'Chamba', 0, 0, '2016-07-04 05:50:40', '2016-07-04 05:50:40'),
(188, 14, 'Hamirpur', 0, 0, '2016-07-04 05:50:40', '2016-07-04 05:50:40'),
(189, 14, 'Kangra', 0, 0, '2016-07-04 05:50:40', '2016-07-04 05:50:40'),
(190, 14, 'Kinnaur', 0, 0, '2016-07-04 05:50:40', '2016-07-04 05:50:40'),
(191, 14, 'Kullu', 0, 0, '2016-07-04 05:50:40', '2016-07-04 05:50:40'),
(192, 14, 'Lahaul and Spiti', 0, 0, '2016-07-04 05:50:40', '2016-07-04 05:50:40'),
(193, 14, 'Mandi', 0, 0, '2016-07-04 05:50:40', '2016-07-04 05:50:40'),
(194, 14, 'Shimla', 0, 0, '2016-07-04 05:50:40', '2016-07-04 05:50:40'),
(195, 14, 'Sirmaur', 0, 0, '2016-07-04 05:50:40', '2016-07-04 05:50:40'),
(196, 14, 'Solan', 0, 0, '2016-07-04 05:50:40', '2016-07-04 05:50:40'),
(197, 14, 'Una', 0, 0, '2016-07-04 05:50:40', '2016-07-04 05:50:40'),
(198, 15, 'Anantnag', 0, 0, '2016-07-04 05:50:40', '2016-07-04 05:50:40'),
(199, 15, 'Badgam', 0, 0, '2016-07-04 05:50:40', '2016-07-04 05:50:40'),
(200, 15, 'Bandipora', 0, 0, '2016-07-04 05:50:40', '2016-07-04 05:50:40'),
(201, 15, 'Baramulla', 0, 0, '2016-07-04 05:50:40', '2016-07-04 05:50:40'),
(202, 15, 'Doda', 0, 0, '2016-07-04 05:50:40', '2016-07-04 05:50:40'),
(203, 15, 'Ganderbal', 0, 0, '2016-07-04 05:50:40', '2016-07-04 05:50:40'),
(204, 15, 'Jammu', 0, 0, '2016-07-04 05:50:40', '2016-07-04 05:50:40'),
(205, 15, 'Kargil', 0, 0, '2016-07-04 05:50:40', '2016-07-04 05:50:40'),
(206, 15, 'Kathua', 0, 0, '2016-07-04 05:50:40', '2016-07-04 05:50:40'),
(207, 15, 'Kishtwar', 0, 0, '2016-07-04 05:50:40', '2016-07-04 05:50:40'),
(208, 15, 'Kupwara', 0, 0, '2016-07-04 05:50:40', '2016-07-04 05:50:40'),
(209, 15, 'Kulgam', 0, 0, '2016-07-04 05:50:40', '2016-07-04 05:50:40'),
(210, 15, 'Leh', 0, 0, '2016-07-04 05:50:40', '2016-07-04 05:50:40'),
(211, 15, 'Poonch', 0, 0, '2016-07-04 05:50:40', '2016-07-04 05:50:40'),
(212, 15, 'Pulwama', 0, 0, '2016-07-04 05:50:40', '2016-07-04 05:50:40'),
(213, 15, 'Rajouri', 0, 0, '2016-07-04 05:50:40', '2016-07-04 05:50:40'),
(214, 15, 'Ramban', 0, 0, '2016-07-04 05:50:40', '2016-07-04 05:50:40'),
(215, 15, 'Reasi', 0, 0, '2016-07-04 05:50:40', '2016-07-04 05:50:40'),
(216, 15, 'Samba', 0, 0, '2016-07-04 05:50:40', '2016-07-04 05:50:40'),
(217, 15, 'Shopian', 0, 0, '2016-07-04 05:50:40', '2016-07-04 05:50:40'),
(218, 15, 'Srinagar', 0, 0, '2016-07-04 05:50:40', '2016-07-04 05:50:40'),
(219, 15, 'Udhampur', 0, 0, '2016-07-04 05:50:40', '2016-07-04 05:50:40'),
(220, 16, 'Bokaro', 0, 0, '2016-07-04 05:50:40', '2016-07-04 05:50:40'),
(221, 16, 'Chatra', 0, 0, '2016-07-04 05:50:40', '2016-07-04 05:50:40'),
(222, 16, 'Deoghar', 0, 0, '2016-07-04 05:50:40', '2016-07-04 05:50:40'),
(223, 16, 'Dhanbad', 0, 0, '2016-07-04 05:50:40', '2016-07-04 05:50:40'),
(224, 16, 'Dumka', 0, 0, '2016-07-04 05:50:40', '2016-07-04 05:50:40'),
(225, 16, 'East Singhbhum', 0, 0, '2016-07-04 05:50:40', '2016-07-04 05:50:40'),
(226, 16, 'Garhwa', 0, 0, '2016-07-04 05:50:40', '2016-07-04 05:50:40'),
(227, 16, 'Giridih', 0, 0, '2016-07-04 05:50:40', '2016-07-04 05:50:40'),
(228, 16, 'Godda', 0, 0, '2016-07-04 05:50:40', '2016-07-04 05:50:40'),
(229, 16, 'Gumla', 0, 0, '2016-07-04 05:50:40', '2016-07-04 05:50:40'),
(230, 16, 'Hazaribag', 0, 0, '2016-07-04 05:50:40', '2016-07-04 05:50:40'),
(231, 16, 'Jamtara', 0, 0, '2016-07-04 05:50:40', '2016-07-04 05:50:40'),
(232, 16, 'Khunti', 0, 0, '2016-07-04 05:50:40', '2016-07-04 05:50:40'),
(233, 16, 'Koderma', 0, 0, '2016-07-04 05:50:40', '2016-07-04 05:50:40'),
(234, 16, 'Latehar', 0, 0, '2016-07-04 05:50:40', '2016-07-04 05:50:40'),
(235, 16, 'Lohardaga', 0, 0, '2016-07-04 05:50:40', '2016-07-04 05:50:40'),
(236, 16, 'Pakur', 0, 0, '2016-07-04 05:50:40', '2016-07-04 05:50:40'),
(237, 16, 'Palamu', 0, 0, '2016-07-04 05:50:40', '2016-07-04 05:50:40'),
(238, 16, 'Ramgarh', 0, 0, '2016-07-04 05:50:40', '2016-07-04 05:50:40'),
(239, 16, 'Ranchi', 0, 0, '2016-07-04 05:50:40', '2016-07-04 05:50:40'),
(240, 16, 'Sahibganj', 0, 0, '2016-07-04 05:50:40', '2016-07-04 05:50:40'),
(241, 16, 'Seraikela Kharsawan', 0, 0, '2016-07-04 05:50:40', '2016-07-04 05:50:40'),
(242, 16, 'Simdega', 0, 0, '2016-07-04 05:50:40', '2016-07-04 05:50:40'),
(243, 16, 'West Singhbhum', 0, 0, '2016-07-04 05:50:40', '2016-07-04 05:50:40'),
(244, 17, 'Bagalkot', 0, 0, '2016-07-04 05:50:40', '2016-07-04 05:50:40'),
(245, 17, 'Bangalore Rural', 0, 0, '2016-07-04 05:50:40', '2016-07-04 05:50:40'),
(246, 17, 'Bangalore Urban', 0, 0, '2016-07-04 05:50:40', '2016-07-04 05:50:40'),
(247, 17, 'Belgaum', 0, 0, '2016-07-04 05:50:40', '2016-07-04 05:50:40'),
(248, 17, 'Bellary', 0, 0, '2016-07-04 05:50:40', '2016-07-04 05:50:40'),
(249, 17, 'Bidar', 0, 0, '2016-07-04 05:50:40', '2016-07-04 05:50:40'),
(250, 17, 'Bijapur', 0, 0, '2016-07-04 05:50:40', '2016-07-04 05:50:40'),
(251, 17, 'Chamarajnagar', 0, 0, '2016-07-04 05:50:40', '2016-07-04 05:50:40'),
(252, 17, 'Chikkamagaluru', 0, 0, '2016-07-04 05:50:40', '2016-07-04 05:50:40'),
(253, 17, 'Chikkaballapur', 0, 0, '2016-07-04 05:50:40', '2016-07-04 05:50:40'),
(254, 17, 'Chitradurga', 0, 0, '2016-07-04 05:50:40', '2016-07-04 05:50:40'),
(255, 17, 'Davanagere', 0, 0, '2016-07-04 05:50:40', '2016-07-04 05:50:40'),
(256, 17, 'Dharwad', 0, 0, '2016-07-04 05:50:40', '2016-07-04 05:50:40'),
(257, 17, 'Dakshina Kannada', 0, 0, '2016-07-04 05:50:40', '2016-07-04 05:50:40'),
(258, 17, 'Gadag', 0, 0, '2016-07-04 05:50:40', '2016-07-04 05:50:40'),
(259, 17, 'Gulbarga', 0, 0, '2016-07-04 05:50:40', '2016-07-04 05:50:40'),
(260, 17, 'Hassan', 0, 0, '2016-07-04 05:50:40', '2016-07-04 05:50:40'),
(261, 17, 'Haveri district', 0, 0, '2016-07-04 05:50:40', '2016-07-04 05:50:40'),
(262, 17, 'Kodagu', 0, 0, '2016-07-04 05:50:40', '2016-07-04 05:50:40'),
(263, 17, 'Kolar', 0, 0, '2016-07-04 05:50:40', '2016-07-04 05:50:40'),
(264, 17, 'Koppal', 0, 0, '2016-07-04 05:50:40', '2016-07-04 05:50:40'),
(265, 17, 'Mandya', 0, 0, '2016-07-04 05:50:40', '2016-07-04 05:50:40'),
(266, 17, 'Mysore', 0, 0, '2016-07-04 05:50:40', '2016-07-04 05:50:40'),
(267, 17, 'Raichur', 0, 0, '2016-07-04 05:50:40', '2016-07-04 05:50:40'),
(268, 17, 'Shimoga', 0, 0, '2016-07-04 05:50:40', '2016-07-04 05:50:40'),
(269, 17, 'Tumkur', 0, 0, '2016-07-04 05:50:40', '2016-07-04 05:50:40'),
(270, 17, 'Udupi', 0, 0, '2016-07-04 05:50:40', '2016-07-04 05:50:40'),
(271, 17, 'Uttara Kannada', 0, 0, '2016-07-04 05:50:40', '2016-07-04 05:50:40'),
(272, 17, 'Ramanagara', 0, 0, '2016-07-04 05:50:40', '2016-07-04 05:50:40'),
(273, 17, 'Yadgir', 0, 0, '2016-07-04 05:50:40', '2016-07-04 05:50:40'),
(274, 18, 'Alappuzha', 0, 0, '2016-07-04 05:50:40', '2016-07-04 05:50:40'),
(275, 18, 'Ernakulam', 0, 0, '2016-07-04 05:50:40', '2016-07-04 05:50:40'),
(276, 18, 'Idukki', 0, 0, '2016-07-04 05:50:40', '2016-07-04 05:50:40'),
(277, 18, 'Kannur', 0, 0, '2016-07-04 05:50:40', '2016-07-04 05:50:40'),
(278, 18, 'Kasaragod', 0, 0, '2016-07-04 05:50:40', '2016-07-04 05:50:40'),
(279, 18, 'Kollam', 0, 0, '2016-07-04 05:50:40', '2016-07-04 05:50:40'),
(280, 18, 'Kottayam', 0, 0, '2016-07-04 05:50:40', '2016-07-04 05:50:40'),
(281, 18, 'Kozhikode', 0, 0, '2016-07-04 05:50:40', '2016-07-04 05:50:40'),
(282, 18, 'Malappuram', 0, 0, '2016-07-04 05:50:40', '2016-07-04 05:50:40'),
(283, 18, 'Palakkad', 0, 0, '2016-07-04 05:50:40', '2016-07-04 05:50:40'),
(284, 18, 'Pathanamthitta', 0, 0, '2016-07-04 05:50:40', '2016-07-04 05:50:40'),
(285, 18, 'Thrissur', 0, 0, '2016-07-04 05:50:40', '2016-07-04 05:50:40'),
(286, 18, 'Thiruvananthapuram', 0, 0, '2016-07-04 05:50:40', '2016-07-04 05:50:40'),
(287, 18, 'Wayanad', 0, 0, '2016-07-04 05:50:40', '2016-07-04 05:50:40'),
(288, 19, 'Lakshadweep', 0, 0, '2016-07-04 05:50:40', '2016-07-04 05:50:40'),
(289, 20, 'Agar', 0, 0, '2016-07-04 05:50:40', '2016-07-04 05:50:40'),
(290, 20, 'Alirajpur', 0, 0, '2016-07-04 05:50:40', '2016-07-04 05:50:40'),
(291, 20, 'Anuppur', 0, 0, '2016-07-04 05:50:40', '2016-07-04 05:50:40'),
(292, 20, 'Ashok Nagar', 0, 0, '2016-07-04 05:50:40', '2016-07-04 05:50:40'),
(293, 20, 'Balaghat', 0, 0, '2016-07-04 05:50:40', '2016-07-04 05:50:40'),
(294, 20, 'Barwani', 0, 0, '2016-07-04 05:50:40', '2016-07-04 05:50:40'),
(295, 20, 'Betul', 0, 0, '2016-07-04 05:50:40', '2016-07-04 05:50:40'),
(296, 20, 'Bhind', 0, 0, '2016-07-04 05:50:40', '2016-07-04 05:50:40'),
(297, 20, 'Bhopal', 0, 0, '2016-07-04 05:50:40', '2016-07-04 05:50:40'),
(298, 20, 'Burhanpur', 0, 0, '2016-07-04 05:50:40', '2016-07-04 05:50:40'),
(299, 20, 'Chhatarpur', 0, 0, '2016-07-04 05:50:40', '2016-07-04 05:50:40'),
(300, 20, 'Chhindwara', 0, 0, '2016-07-04 05:50:40', '2016-07-04 05:50:40'),
(301, 20, 'Damoh', 0, 0, '2016-07-04 05:50:40', '2016-07-04 05:50:40'),
(302, 20, 'Datia', 0, 0, '2016-07-04 05:50:40', '2016-07-04 05:50:40'),
(303, 20, 'Dewas', 0, 0, '2016-07-04 05:50:40', '2016-07-04 05:50:40'),
(304, 20, 'Dhar', 0, 0, '2016-07-04 05:50:40', '2016-07-04 05:50:40'),
(305, 20, 'Dindori', 0, 0, '2016-07-04 05:50:40', '2016-07-04 05:50:40'),
(306, 20, 'Guna', 0, 0, '2016-07-04 05:50:40', '2016-07-04 05:50:40'),
(307, 20, 'Gwalior', 0, 0, '2016-07-04 05:50:40', '2016-07-04 05:50:40'),
(308, 20, 'Harda', 0, 0, '2016-07-04 05:50:40', '2016-07-04 05:50:40'),
(309, 20, 'Hoshangabad', 0, 0, '2016-07-04 05:50:40', '2016-07-04 05:50:40'),
(310, 20, 'Indore', 0, 0, '2016-07-04 05:50:40', '2016-07-04 05:50:40'),
(311, 20, 'Jabalpur', 0, 0, '2016-07-04 05:50:40', '2016-07-04 05:50:40'),
(312, 20, 'Jhabua', 0, 0, '2016-07-04 05:50:40', '2016-07-04 05:50:40'),
(313, 20, 'Katni', 0, 0, '2016-07-04 05:50:40', '2016-07-04 05:50:40'),
(314, 20, 'Khandwa (East Nimar)', 0, 0, '2016-07-04 05:50:40', '2016-07-04 05:50:40'),
(315, 20, 'Khargone (West Nimar)', 0, 0, '2016-07-04 05:50:40', '2016-07-04 05:50:40'),
(316, 20, 'Mandla', 0, 0, '2016-07-04 05:50:40', '2016-07-04 05:50:40'),
(317, 20, 'Mandsaur', 0, 0, '2016-07-04 05:50:40', '2016-07-04 05:50:40'),
(318, 20, 'Morena', 0, 0, '2016-07-04 05:50:40', '2016-07-04 05:50:40'),
(319, 20, 'Narsinghpur', 0, 0, '2016-07-04 05:50:40', '2016-07-04 05:50:40'),
(320, 20, 'Neemuch', 0, 0, '2016-07-04 05:50:40', '2016-07-04 05:50:40'),
(321, 20, 'Panna', 0, 0, '2016-07-04 05:50:40', '2016-07-04 05:50:40'),
(322, 20, 'Raisen', 0, 0, '2016-07-04 05:50:40', '2016-07-04 05:50:40'),
(323, 20, 'Rajgarh', 0, 0, '2016-07-04 05:50:40', '2016-07-04 05:50:40'),
(324, 20, 'Ratlam', 0, 0, '2016-07-04 05:50:40', '2016-07-04 05:50:40'),
(325, 20, 'Rewa', 0, 0, '2016-07-04 05:50:40', '2016-07-04 05:50:40'),
(326, 20, 'Sagar', 0, 0, '2016-07-04 05:50:40', '2016-07-04 05:50:40'),
(327, 20, 'Satna', 0, 0, '2016-07-04 05:50:40', '2016-07-04 05:50:40'),
(328, 20, 'Sehore', 0, 0, '2016-07-04 05:50:40', '2016-07-04 05:50:40'),
(329, 20, 'Seoni', 0, 0, '2016-07-04 05:50:40', '2016-07-04 05:50:40'),
(330, 20, 'Shahdol', 0, 0, '2016-07-04 05:50:40', '2016-07-04 05:50:40'),
(331, 20, 'Shajapur', 0, 0, '2016-07-04 05:50:40', '2016-07-04 05:50:40'),
(332, 20, 'Sheopur', 0, 0, '2016-07-04 05:50:40', '2016-07-04 05:50:40'),
(333, 20, 'Shivpuri', 0, 0, '2016-07-04 05:50:40', '2016-07-04 05:50:40'),
(334, 20, 'Sidhi', 0, 0, '2016-07-04 05:50:40', '2016-07-04 05:50:40'),
(335, 20, 'Singrauli', 0, 0, '2016-07-04 05:50:40', '2016-07-04 05:50:40'),
(336, 20, 'Tikamgarh', 0, 0, '2016-07-04 05:50:40', '2016-07-04 05:50:40'),
(337, 20, 'Ujjain', 0, 0, '2016-07-04 05:50:40', '2016-07-04 05:50:40'),
(338, 20, 'Umaria', 0, 0, '2016-07-04 05:50:40', '2016-07-04 05:50:40'),
(339, 20, 'Vidisha', 0, 0, '2016-07-04 05:50:40', '2016-07-04 05:50:40'),
(340, 21, 'Ahmednagar', 0, 0, '2016-07-04 05:50:40', '2016-07-04 05:50:40'),
(341, 21, 'Akola', 0, 0, '2016-07-04 05:50:40', '2016-07-04 05:50:40'),
(342, 21, 'Amravati', 0, 0, '2016-07-04 05:50:40', '2016-07-04 05:50:40'),
(343, 21, 'Aurangabad', 0, 0, '2016-07-04 05:50:40', '2016-07-04 05:50:40'),
(344, 21, 'Beed', 0, 0, '2016-07-04 05:50:40', '2016-07-04 05:50:40'),
(345, 21, 'Bhandara', 0, 0, '2016-07-04 05:50:40', '2016-07-04 05:50:40'),
(346, 21, 'Buldhana', 0, 0, '2016-07-04 05:50:40', '2016-07-04 05:50:40'),
(347, 21, 'Chandrapur', 0, 0, '2016-07-04 05:50:40', '2016-07-04 05:50:40'),
(348, 21, 'Dhule', 0, 0, '2016-07-04 05:50:40', '2016-07-04 05:50:40'),
(349, 21, 'Gadchiroli', 0, 0, '2016-07-04 05:50:40', '2016-07-04 05:50:40'),
(350, 21, 'Gondia', 0, 0, '2016-07-04 05:50:40', '2016-07-04 05:50:40'),
(351, 21, 'Hingoli', 0, 0, '2016-07-04 05:50:40', '2016-07-04 05:50:40'),
(352, 21, 'Jalgaon', 0, 0, '2016-07-04 05:50:40', '2016-07-04 05:50:40'),
(353, 21, 'Jalna', 0, 0, '2016-07-04 05:50:40', '2016-07-04 05:50:40'),
(354, 21, 'Kolhapur', 0, 0, '2016-07-04 05:50:40', '2016-07-04 05:50:40'),
(355, 21, 'Latur', 0, 0, '2016-07-04 05:50:40', '2016-07-04 05:50:40'),
(356, 21, 'Mumbai City', 0, 0, '2016-07-04 05:50:40', '2016-07-04 05:50:40'),
(357, 21, 'Mumbai suburban', 0, 0, '2016-07-04 05:50:40', '2016-07-04 05:50:40'),
(358, 21, 'Nanded', 0, 0, '2016-07-04 05:50:40', '2016-07-04 05:50:40'),
(359, 21, 'Nandurbar', 0, 0, '2016-07-04 05:50:40', '2016-07-04 05:50:40'),
(360, 21, 'Nagpur', 0, 0, '2016-07-04 05:50:40', '2016-07-04 05:50:40'),
(361, 21, 'Nashik', 0, 0, '2016-07-04 05:50:40', '2016-07-04 05:50:40'),
(362, 21, 'Osmanabad', 0, 0, '2016-07-04 05:50:40', '2016-07-04 05:50:40'),
(363, 21, 'Parbhani', 0, 0, '2016-07-04 05:50:40', '2016-07-04 05:50:40'),
(364, 21, 'Pune', 0, 0, '2016-07-04 05:50:40', '2016-07-04 05:50:40'),
(365, 21, 'Raigad', 0, 0, '2016-07-04 05:50:40', '2016-07-04 05:50:40'),
(366, 21, 'Ratnagiri', 0, 0, '2016-07-04 05:50:40', '2016-07-04 05:50:40'),
(367, 21, 'Sangli', 0, 0, '2016-07-04 05:50:40', '2016-07-04 05:50:40'),
(368, 21, 'Satara', 0, 0, '2016-07-04 05:50:40', '2016-07-04 05:50:40'),
(369, 21, 'Sindhudurg', 0, 0, '2016-07-04 05:50:40', '2016-07-04 05:50:40'),
(370, 21, 'Solapur', 0, 0, '2016-07-04 05:50:40', '2016-07-04 05:50:40'),
(371, 21, 'Thane', 0, 0, '2016-07-04 05:50:40', '2016-07-04 05:50:40'),
(372, 21, 'Wardha', 0, 0, '2016-07-04 05:50:40', '2016-07-04 05:50:40'),
(373, 21, 'Washim', 0, 0, '2016-07-04 05:50:40', '2016-07-04 05:50:40'),
(374, 21, 'Yavatmal', 0, 0, '2016-07-04 05:50:40', '2016-07-04 05:50:40'),
(375, 22, 'Bishnupur', 0, 0, '2016-07-04 05:50:40', '2016-07-04 05:50:40'),
(376, 22, 'Churachandpur', 0, 0, '2016-07-04 05:50:40', '2016-07-04 05:50:40'),
(377, 22, 'Chandel', 0, 0, '2016-07-04 05:50:40', '2016-07-04 05:50:40'),
(378, 22, 'Imphal East', 0, 0, '2016-07-04 05:50:40', '2016-07-04 05:50:40'),
(379, 22, 'Senapati', 0, 0, '2016-07-04 05:50:40', '2016-07-04 05:50:40'),
(380, 22, 'Tamenglong', 0, 0, '2016-07-04 05:50:40', '2016-07-04 05:50:40'),
(381, 22, 'Thoubal', 0, 0, '2016-07-04 05:50:40', '2016-07-04 05:50:40'),
(382, 22, 'Ukhrul', 0, 0, '2016-07-04 05:50:40', '2016-07-04 05:50:40'),
(383, 22, 'Imphal West', 0, 0, '2016-07-04 05:50:40', '2016-07-04 05:50:40'),
(384, 23, 'East Garo Hills', 0, 0, '2016-07-04 05:50:40', '2016-07-04 05:50:40'),
(385, 23, 'East Khasi Hills', 0, 0, '2016-07-04 05:50:40', '2016-07-04 05:50:40'),
(386, 23, 'Jaintia Hills', 0, 0, '2016-07-04 05:50:40', '2016-07-04 05:50:40'),
(387, 23, 'Ri Bhoi', 0, 0, '2016-07-04 05:50:40', '2016-07-04 05:50:40'),
(388, 23, 'South Garo Hills', 0, 0, '2016-07-04 05:50:40', '2016-07-04 05:50:40'),
(389, 23, 'West Garo Hills', 0, 0, '2016-07-04 05:50:40', '2016-07-04 05:50:40'),
(390, 23, 'West Khasi Hills', 0, 0, '2016-07-04 05:50:40', '2016-07-04 05:50:40'),
(391, 24, 'Aizawl', 0, 0, '2016-07-04 05:50:40', '2016-07-04 05:50:40'),
(392, 24, 'Champhai', 0, 0, '2016-07-04 05:50:40', '2016-07-04 05:50:40'),
(393, 24, 'Kolasib', 0, 0, '2016-07-04 05:50:40', '2016-07-04 05:50:40'),
(394, 24, 'Lawngtlai', 0, 0, '2016-07-04 05:50:40', '2016-07-04 05:50:40'),
(395, 24, 'Lunglei', 0, 0, '2016-07-04 05:50:40', '2016-07-04 05:50:40'),
(396, 24, 'Mamit', 0, 0, '2016-07-04 05:50:40', '2016-07-04 05:50:40'),
(397, 24, 'Saiha', 0, 0, '2016-07-04 05:50:40', '2016-07-04 05:50:40'),
(398, 24, 'Serchhip', 0, 0, '2016-07-04 05:50:40', '2016-07-04 05:50:40'),
(399, 25, 'Dimapur', 0, 0, '2016-07-04 05:50:40', '2016-07-04 05:50:40'),
(400, 25, 'Kiphire', 0, 0, '2016-07-04 05:50:40', '2016-07-04 05:50:40'),
(401, 25, 'Kohima', 0, 0, '2016-07-04 05:50:40', '2016-07-04 05:50:40'),
(402, 25, 'Longleng', 0, 0, '2016-07-04 05:50:40', '2016-07-04 05:50:40'),
(403, 25, 'Mokokchung', 0, 0, '2016-07-04 05:50:40', '2016-07-04 05:50:40'),
(404, 25, 'Mon', 0, 0, '2016-07-04 05:50:40', '2016-07-04 05:50:40'),
(405, 25, 'Peren', 0, 0, '2016-07-04 05:50:40', '2016-07-04 05:50:40'),
(406, 25, 'Phek', 0, 0, '2016-07-04 05:50:40', '2016-07-04 05:50:40'),
(407, 25, 'Tuensang', 0, 0, '2016-07-04 05:50:40', '2016-07-04 05:50:40'),
(408, 25, 'Wokha', 0, 0, '2016-07-04 05:50:40', '2016-07-04 05:50:40'),
(409, 25, 'Zunheboto', 0, 0, '2016-07-04 05:50:40', '2016-07-04 05:50:40'),
(410, 26, 'Angul', 0, 0, '2016-07-04 05:50:40', '2016-07-04 05:50:40'),
(411, 26, 'Boudh (Bauda)', 0, 0, '2016-07-04 05:50:40', '2016-07-04 05:50:40'),
(412, 26, 'Bhadrak', 0, 0, '2016-07-04 05:50:40', '2016-07-04 05:50:40'),
(413, 26, 'Balangir', 0, 0, '2016-07-04 05:50:40', '2016-07-04 05:50:40'),
(414, 26, 'Bargarh (Baragarh)', 0, 0, '2016-07-04 05:50:40', '2016-07-04 05:50:40'),
(415, 26, 'Balasore', 0, 0, '2016-07-04 05:50:40', '2016-07-04 05:50:40'),
(416, 26, 'Cuttack', 0, 0, '2016-07-04 05:50:40', '2016-07-04 05:50:40'),
(417, 26, 'Debagarh (Deogarh)', 0, 0, '2016-07-04 05:50:40', '2016-07-04 05:50:40'),
(418, 26, 'Dhenkanal', 0, 0, '2016-07-04 05:50:40', '2016-07-04 05:50:40'),
(419, 26, 'Ganjam', 0, 0, '2016-07-04 05:50:40', '2016-07-04 05:50:40'),
(420, 26, 'Gajapati', 0, 0, '2016-07-04 05:50:40', '2016-07-04 05:50:40'),
(421, 26, 'Jharsuguda', 0, 0, '2016-07-04 05:50:40', '2016-07-04 05:50:40'),
(422, 26, 'Jajpur', 0, 0, '2016-07-04 05:50:40', '2016-07-04 05:50:40'),
(423, 26, 'Jagatsinghpur', 0, 0, '2016-07-04 05:50:40', '2016-07-04 05:50:40'),
(424, 26, 'Khordha', 0, 0, '2016-07-04 05:50:40', '2016-07-04 05:50:40'),
(425, 26, 'Kendujhar (Keonjhar)', 0, 0, '2016-07-04 05:50:40', '2016-07-04 05:50:40'),
(426, 26, 'Kalahandi', 0, 0, '2016-07-04 05:50:40', '2016-07-04 05:50:40'),
(427, 26, 'Kandhamal', 0, 0, '2016-07-04 05:50:40', '2016-07-04 05:50:40'),
(428, 26, 'Koraput', 0, 0, '2016-07-04 05:50:40', '2016-07-04 05:50:40'),
(429, 26, 'Kendrapara', 0, 0, '2016-07-04 05:50:40', '2016-07-04 05:50:40'),
(430, 26, 'Malkangiri', 0, 0, '2016-07-04 05:50:40', '2016-07-04 05:50:40'),
(431, 26, 'Mayurbhanj', 0, 0, '2016-07-04 05:50:40', '2016-07-04 05:50:40'),
(432, 26, 'Nabarangpur', 0, 0, '2016-07-04 05:50:40', '2016-07-04 05:50:40'),
(433, 26, 'Nuapada', 0, 0, '2016-07-04 05:50:40', '2016-07-04 05:50:40'),
(434, 26, 'Nayagarh', 0, 0, '2016-07-04 05:50:40', '2016-07-04 05:50:40'),
(435, 26, 'Puri', 0, 0, '2016-07-04 05:50:40', '2016-07-04 05:50:40'),
(436, 26, 'Rayagada', 0, 0, '2016-07-04 05:50:40', '2016-07-04 05:50:40'),
(437, 26, 'Sambalpur', 0, 0, '2016-07-04 05:50:40', '2016-07-04 05:50:40'),
(438, 26, 'Subarnapur (Sonepur)', 0, 0, '2016-07-04 05:50:40', '2016-07-04 05:50:40'),
(439, 26, 'Sundergarh', 0, 0, '2016-07-04 05:50:40', '2016-07-04 05:50:40'),
(440, 27, 'Karaikal', 0, 0, '2016-07-04 05:50:40', '2016-07-04 05:50:40'),
(441, 27, 'Mahe', 0, 0, '2016-07-04 05:50:40', '2016-07-04 05:50:40'),
(442, 27, 'Pondicherry', 0, 0, '2016-07-04 05:50:40', '2016-07-04 05:50:40'),
(443, 27, 'Yanam', 0, 0, '2016-07-04 05:50:40', '2016-07-04 05:50:40'),
(444, 28, 'Amritsar', 0, 0, '2016-07-04 05:50:40', '2016-07-04 05:50:40'),
(445, 28, 'Barnala', 0, 0, '2016-07-04 05:50:40', '2016-07-04 05:50:40'),
(446, 28, 'Bathinda', 0, 0, '2016-07-04 05:50:40', '2016-07-04 05:50:40'),
(447, 28, 'Firozpur', 0, 0, '2016-07-04 05:50:40', '2016-07-04 05:50:40'),
(448, 28, 'Faridkot', 0, 0, '2016-07-04 05:50:40', '2016-07-04 05:50:40'),
(449, 28, 'Fatehgarh Sahib', 0, 0, '2016-07-04 05:50:40', '2016-07-04 05:50:40'),
(450, 28, 'Fazilka[6]', 0, 0, '2016-07-04 05:50:40', '2016-07-04 05:50:40'),
(451, 28, 'Gurdaspur', 0, 0, '2016-07-04 05:50:40', '2016-07-04 05:50:40'),
(452, 28, 'Hoshiarpur', 0, 0, '2016-07-04 05:50:40', '2016-07-04 05:50:40'),
(453, 28, 'Jalandhar', 0, 0, '2016-07-04 05:50:40', '2016-07-04 05:50:40'),
(454, 28, 'Kapurthala', 0, 0, '2016-07-04 05:50:40', '2016-07-04 05:50:40'),
(455, 28, 'Ludhiana', 0, 0, '2016-07-04 05:50:40', '2016-07-04 05:50:40'),
(456, 28, 'Mansa', 0, 0, '2016-07-04 05:50:40', '2016-07-04 05:50:40'),
(457, 28, 'Moga', 0, 0, '2016-07-04 05:50:40', '2016-07-04 05:50:40'),
(458, 28, 'Sri Muktsar Sahib', 0, 0, '2016-07-04 05:50:40', '2016-07-04 05:50:40'),
(459, 28, 'Pathankot', 0, 0, '2016-07-04 05:50:40', '2016-07-04 05:50:40'),
(460, 28, 'Patiala', 0, 0, '2016-07-04 05:50:40', '2016-07-04 05:50:40'),
(461, 28, 'Rupnagar', 0, 0, '2016-07-04 05:50:40', '2016-07-04 05:50:40'),
(462, 28, 'Ajitgarh (Mohali)', 0, 0, '2016-07-04 05:50:40', '2016-07-04 05:50:40'),
(463, 28, 'Sangrur', 0, 0, '2016-07-04 05:50:40', '2016-07-04 05:50:40'),
(464, 28, 'Shahid Bhagat Singh Nagar', 0, 0, '2016-07-04 05:50:40', '2016-07-04 05:50:40'),
(465, 28, 'Tarn Taran', 0, 0, '2016-07-04 05:50:40', '2016-07-04 05:50:40'),
(466, 29, 'Ajmer', 0, 0, '2016-07-04 05:50:40', '2016-07-04 05:50:40'),
(467, 29, 'Alwar', 0, 0, '2016-07-04 05:50:40', '2016-07-04 05:50:40'),
(468, 29, 'Bikaner', 0, 0, '2016-07-04 05:50:40', '2016-07-04 05:50:40'),
(469, 29, 'Barmer', 0, 0, '2016-07-04 05:50:40', '2016-07-04 05:50:40'),
(470, 29, 'Banswara', 0, 0, '2016-07-04 05:50:40', '2016-07-04 05:50:40'),
(471, 29, 'Bharatpur', 0, 0, '2016-07-04 05:50:40', '2016-07-04 05:50:40'),
(472, 29, 'Baran', 0, 0, '2016-07-04 05:50:40', '2016-07-04 05:50:40'),
(473, 29, 'Bundi', 0, 0, '2016-07-04 05:50:40', '2016-07-04 05:50:40'),
(474, 29, 'Bhilwara', 0, 0, '2016-07-04 05:50:40', '2016-07-04 05:50:40'),
(475, 29, 'Churu', 0, 0, '2016-07-04 05:50:40', '2016-07-04 05:50:40'),
(476, 29, 'Chittorgarh', 0, 0, '2016-07-04 05:50:40', '2016-07-04 05:50:40'),
(477, 29, 'Dausa', 0, 0, '2016-07-04 05:50:40', '2016-07-04 05:50:40'),
(478, 29, 'Dholpur', 0, 0, '2016-07-04 05:50:40', '2016-07-04 05:50:40'),
(479, 29, 'Dungapur', 0, 0, '2016-07-04 05:50:40', '2016-07-04 05:50:40'),
(480, 29, 'Ganganagar', 0, 0, '2016-07-04 05:50:40', '2016-07-04 05:50:40'),
(481, 29, 'Hanumangarh', 0, 0, '2016-07-04 05:50:40', '2016-07-04 05:50:40'),
(482, 29, 'Jhunjhunu', 0, 0, '2016-07-04 05:50:40', '2016-07-04 05:50:40'),
(483, 29, 'Jalore', 0, 0, '2016-07-04 05:50:40', '2016-07-04 05:50:40'),
(484, 29, 'Jodhpur', 0, 0, '2016-07-04 05:50:40', '2016-07-04 05:50:40'),
(485, 29, 'Jaipur', 0, 0, '2016-07-04 05:50:40', '2016-07-04 05:50:40'),
(486, 29, 'Jaisalmer', 0, 0, '2016-07-04 05:50:40', '2016-07-04 05:50:40'),
(487, 29, 'Jhalawar', 0, 0, '2016-07-04 05:50:40', '2016-07-04 05:50:40'),
(488, 29, 'Karauli', 0, 0, '2016-07-04 05:50:40', '2016-07-04 05:50:40'),
(489, 29, 'Kota', 0, 0, '2016-07-04 05:50:40', '2016-07-04 05:50:40'),
(490, 29, 'Nagaur', 0, 0, '2016-07-04 05:50:40', '2016-07-04 05:50:40'),
(491, 29, 'Pali', 0, 0, '2016-07-04 05:50:40', '2016-07-04 05:50:40'),
(492, 29, 'Pratapgarh', 0, 0, '2016-07-04 05:50:40', '2016-07-04 05:50:40'),
(493, 29, 'Rajsamand', 0, 0, '2016-07-04 05:50:40', '2016-07-04 05:50:40'),
(494, 29, 'Sikar', 0, 0, '2016-07-04 05:50:40', '2016-07-04 05:50:40'),
(495, 29, 'Sawai Madhopur', 0, 0, '2016-07-04 05:50:40', '2016-07-04 05:50:40'),
(496, 29, 'Sirohi', 0, 0, '2016-07-04 05:50:40', '2016-07-04 05:50:40'),
(497, 29, 'Tonk', 0, 0, '2016-07-04 05:50:40', '2016-07-04 05:50:40'),
(498, 29, 'Udaipur', 0, 0, '2016-07-04 05:50:40', '2016-07-04 05:50:40'),
(499, 30, 'East Sikkim', 0, 0, '2016-07-04 05:50:40', '2016-07-04 05:50:40'),
(500, 30, 'North Sikkim', 0, 0, '2016-07-04 05:50:40', '2016-07-04 05:50:40'),
(501, 30, 'South Sikkim', 0, 0, '2016-07-04 05:50:40', '2016-07-04 05:50:40'),
(502, 30, 'West Sikkim', 0, 0, '2016-07-04 05:50:40', '2016-07-04 05:50:40'),
(503, 31, 'Ariyalur', 0, 0, '2016-07-04 05:50:40', '2016-07-04 05:50:40'),
(504, 31, 'Chennai', 0, 0, '2016-07-04 05:50:40', '2016-07-04 05:50:40'),
(505, 31, 'Coimbatore', 0, 0, '2016-07-04 05:50:40', '2016-07-04 05:50:40'),
(506, 31, 'Cuddalore', 0, 0, '2016-07-04 05:50:40', '2016-07-04 05:50:40'),
(507, 31, 'Dharmapuri', 0, 0, '2016-07-04 05:50:40', '2016-07-04 05:50:40'),
(508, 31, 'Dindigul', 0, 0, '2016-07-04 05:50:40', '2016-07-04 05:50:40'),
(509, 31, 'Erode', 0, 0, '2016-07-04 05:50:40', '2016-07-04 05:50:40'),
(510, 31, 'Kanchipuram', 0, 0, '2016-07-04 05:50:40', '2016-07-04 05:50:40'),
(511, 31, 'Kanyakumari', 0, 0, '2016-07-04 05:50:40', '2016-07-04 05:50:40'),
(512, 31, 'Karur', 0, 0, '2016-07-04 05:50:40', '2016-07-04 05:50:40'),
(513, 31, 'Krishnagiri', 0, 0, '2016-07-04 05:50:40', '2016-07-04 05:50:40'),
(514, 31, 'Madurai', 0, 0, '2016-07-04 05:50:40', '2016-07-04 05:50:40'),
(515, 31, 'Nagapattinam', 0, 0, '2016-07-04 05:50:40', '2016-07-04 05:50:40'),
(516, 31, 'Nilgiris', 0, 0, '2016-07-04 05:50:40', '2016-07-04 05:50:40'),
(517, 31, 'Namakkal', 0, 0, '2016-07-04 05:50:40', '2016-07-04 05:50:40'),
(518, 31, 'Perambalur', 0, 0, '2016-07-04 05:50:40', '2016-07-04 05:50:40'),
(519, 31, 'Pudukkottai', 0, 0, '2016-07-04 05:50:40', '2016-07-04 05:50:40'),
(520, 31, 'Ramanathapuram', 0, 0, '2016-07-04 05:50:40', '2016-07-04 05:50:40'),
(521, 31, 'Salem', 0, 0, '2016-07-04 05:50:40', '2016-07-04 05:50:40'),
(522, 31, 'Sivaganga', 0, 0, '2016-07-04 05:50:40', '2016-07-04 05:50:40'),
(523, 31, 'Tirupur', 0, 0, '2016-07-04 05:50:40', '2016-07-04 05:50:40'),
(524, 31, 'Tiruchirappalli', 0, 0, '2016-07-04 05:50:40', '2016-07-04 05:50:40'),
(525, 31, 'Theni', 0, 0, '2016-07-04 05:50:40', '2016-07-04 05:50:40'),
(526, 31, 'Tirunelveli', 0, 0, '2016-07-04 05:50:40', '2016-07-04 05:50:40'),
(527, 31, 'Thanjavur', 0, 0, '2016-07-04 05:50:40', '2016-07-04 05:50:40'),
(528, 31, 'Thoothukudi', 0, 0, '2016-07-04 05:50:40', '2016-07-04 05:50:40'),
(529, 31, 'Tiruvallur', 0, 0, '2016-07-04 05:50:40', '2016-07-04 05:50:40'),
(530, 31, 'Tiruvarur', 0, 0, '2016-07-04 05:50:40', '2016-07-04 05:50:40'),
(531, 31, 'Tiruvannamalai', 0, 0, '2016-07-04 05:50:40', '2016-07-04 05:50:40'),
(532, 31, 'Vellore', 0, 0, '2016-07-04 05:50:40', '2016-07-04 05:50:40'),
(533, 31, 'Viluppuram', 0, 0, '2016-07-04 05:50:40', '2016-07-04 05:50:40'),
(534, 31, 'Virudhunagar', 0, 0, '2016-07-04 05:50:40', '2016-07-04 05:50:40'),
(535, 32, 'Dhalai', 0, 0, '2016-07-04 05:50:40', '2016-07-04 05:50:40'),
(536, 32, 'North Tripura', 0, 0, '2016-07-04 05:50:40', '2016-07-04 05:50:40'),
(537, 32, 'South Tripura', 0, 0, '2016-07-04 05:50:40', '2016-07-04 05:50:40'),
(538, 32, 'Khowai[7]', 0, 0, '2016-07-04 05:50:40', '2016-07-04 05:50:40'),
(539, 32, 'West Tripura', 0, 0, '2016-07-04 05:50:40', '2016-07-04 05:50:40'),
(540, 33, 'Agra', 0, 0, '2016-07-04 05:50:40', '2016-07-04 05:50:40'),
(541, 33, 'Aligarh', 0, 0, '2016-07-04 05:50:40', '2016-07-04 05:50:40'),
(542, 33, 'Allahabad', 0, 0, '2016-07-04 05:50:40', '2016-07-04 05:50:40'),
(543, 33, 'Ambedkar Nagar', 0, 0, '2016-07-04 05:50:40', '2016-07-04 05:50:40'),
(544, 33, 'Auraiya', 0, 0, '2016-07-04 05:50:40', '2016-07-04 05:50:40'),
(545, 33, 'Azamgarh', 0, 0, '2016-07-04 05:50:40', '2016-07-04 05:50:40'),
(546, 33, 'Bagpat', 0, 0, '2016-07-04 05:50:40', '2016-07-04 05:50:40'),
(547, 33, 'Bahraich', 0, 0, '2016-07-04 05:50:40', '2016-07-04 05:50:40'),
(548, 33, 'Ballia', 0, 0, '2016-07-04 05:50:40', '2016-07-04 05:50:40'),
(549, 33, 'Balrampur', 0, 0, '2016-07-04 05:50:40', '2016-07-04 05:50:40'),
(550, 33, 'Banda', 0, 0, '2016-07-04 05:50:40', '2016-07-04 05:50:40'),
(551, 33, 'Barabanki', 0, 0, '2016-07-04 05:50:40', '2016-07-04 05:50:40'),
(552, 33, 'Bareilly', 0, 0, '2016-07-04 05:50:40', '2016-07-04 05:50:40'),
(553, 33, 'Basti', 0, 0, '2016-07-04 05:50:40', '2016-07-04 05:50:40'),
(554, 33, 'Bijnor', 0, 0, '2016-07-04 05:50:40', '2016-07-04 05:50:40'),
(555, 33, 'Budaun', 0, 0, '2016-07-04 05:50:40', '2016-07-04 05:50:40'),
(556, 33, 'Bulandshahr', 0, 0, '2016-07-04 05:50:40', '2016-07-04 05:50:40'),
(557, 33, 'Chandauli', 0, 0, '2016-07-04 05:50:40', '2016-07-04 05:50:40'),
(558, 33, 'Chhatrapati Shahuji Maharaj Nagar[8]', 0, 0, '2016-07-04 05:50:40', '2016-07-04 05:50:40'),
(559, 33, 'Chitrakoot', 0, 0, '2016-07-04 05:50:40', '2016-07-04 05:50:40'),
(560, 33, 'Deoria', 0, 0, '2016-07-04 05:50:40', '2016-07-04 05:50:40'),
(561, 33, 'Etah', 0, 0, '2016-07-04 05:50:40', '2016-07-04 05:50:40'),
(562, 33, 'Etawah', 0, 0, '2016-07-04 05:50:40', '2016-07-04 05:50:40'),
(563, 33, 'Faizabad', 0, 0, '2016-07-04 05:50:40', '2016-07-04 05:50:40'),
(564, 33, 'Farrukhabad', 0, 0, '2016-07-04 05:50:40', '2016-07-04 05:50:40'),
(565, 33, 'Fatehpur', 0, 0, '2016-07-04 05:50:40', '2016-07-04 05:50:40'),
(566, 33, 'Firozabad', 0, 0, '2016-07-04 05:50:40', '2016-07-04 05:50:40'),
(567, 33, 'Gautam Buddh Nagar', 0, 0, '2016-07-04 05:50:40', '2016-07-04 05:50:40'),
(568, 33, 'Ghaziabad', 0, 0, '2016-07-04 05:50:40', '2016-07-04 05:50:40'),
(569, 33, 'Ghazipur', 0, 0, '2016-07-04 05:50:40', '2016-07-04 05:50:40'),
(570, 33, 'Gonda', 0, 0, '2016-07-04 05:50:40', '2016-07-04 05:50:40'),
(571, 33, 'Gorakhpur', 0, 0, '2016-07-04 05:50:40', '2016-07-04 05:50:40'),
(572, 33, 'Hamirpur', 0, 0, '2016-07-04 05:50:40', '2016-07-04 05:50:40'),
(573, 33, 'Hardoi', 0, 0, '2016-07-04 05:50:40', '2016-07-04 05:50:40'),
(574, 33, 'Hathras', 0, 0, '2016-07-04 05:50:40', '2016-07-04 05:50:40'),
(575, 33, 'Jalaun', 0, 0, '2016-07-04 05:50:40', '2016-07-04 05:50:40'),
(576, 33, 'Jaunpur district', 0, 0, '2016-07-04 05:50:40', '2016-07-04 05:50:40'),
(577, 33, 'Jhansi', 0, 0, '2016-07-04 05:50:40', '2016-07-04 05:50:40'),
(578, 33, 'Jyotiba Phule Nagar', 0, 0, '2016-07-04 05:50:40', '2016-07-04 05:50:40'),
(579, 33, 'Kannauj', 0, 0, '2016-07-04 05:50:40', '2016-07-04 05:50:40'),
(580, 33, 'Kanpur', 0, 0, '2016-07-04 05:50:40', '2016-07-04 05:50:40'),
(581, 33, 'Kanshi Ram Nagar', 0, 0, '2016-07-04 05:50:40', '2016-07-04 05:50:40'),
(582, 33, 'Kaushambi', 0, 0, '2016-07-04 05:50:40', '2016-07-04 05:50:40'),
(583, 33, 'Kushinagar', 0, 0, '2016-07-04 05:50:40', '2016-07-04 05:50:40'),
(584, 33, 'Lakhimpur Kheri', 0, 0, '2016-07-04 05:50:40', '2016-07-04 05:50:40'),
(585, 33, 'Lalitpur', 0, 0, '2016-07-04 05:50:40', '2016-07-04 05:50:40'),
(586, 33, 'Lucknow', 0, 0, '2016-07-04 05:50:40', '2016-07-04 05:50:40'),
(587, 33, 'Maharajganj', 0, 0, '2016-07-04 05:50:40', '2016-07-04 05:50:40'),
(588, 33, 'Mahoba', 0, 0, '2016-07-04 05:50:40', '2016-07-04 05:50:40'),
(589, 33, 'Mainpuri', 0, 0, '2016-07-04 05:50:40', '2016-07-04 05:50:40'),
(590, 33, 'Mathura', 0, 0, '2016-07-04 05:50:40', '2016-07-04 05:50:40'),
(591, 33, 'Mau', 0, 0, '2016-07-04 05:50:40', '2016-07-04 05:50:40'),
(592, 33, 'Meerut', 0, 0, '2016-07-04 05:50:40', '2016-07-04 05:50:40'),
(593, 33, 'Mirzapur', 0, 0, '2016-07-04 05:50:40', '2016-07-04 05:50:40'),
(594, 33, 'Moradabad', 0, 0, '2016-07-04 05:50:40', '2016-07-04 05:50:40'),
(595, 33, 'Muzaffarnagar', 0, 0, '2016-07-04 05:50:40', '2016-07-04 05:50:40'),
(596, 33, 'Panchsheel Nagar district (Hapur)', 0, 0, '2016-07-04 05:50:40', '2016-07-04 05:50:40'),
(597, 33, 'Pilibhit', 0, 0, '2016-07-04 05:50:40', '2016-07-04 05:50:40'),
(598, 33, 'Pratapgarh', 0, 0, '2016-07-04 05:50:40', '2016-07-04 05:50:40'),
(599, 33, 'Raebareli', 0, 0, '2016-07-04 05:50:40', '2016-07-04 05:50:40'),
(600, 33, 'Ramabai Nagar (Kanpur Dehat)', 0, 0, '2016-07-04 05:50:40', '2016-07-04 05:50:40'),
(601, 33, 'Rampur', 0, 0, '2016-07-04 05:50:40', '2016-07-04 05:50:40'),
(602, 33, 'Saharanpur', 0, 0, '2016-07-04 05:50:40', '2016-07-04 05:50:40'),
(603, 33, 'Sant Kabir Nagar', 0, 0, '2016-07-04 05:50:40', '2016-07-04 05:50:40'),
(604, 33, 'Sant Ravidas Nagar', 0, 0, '2016-07-04 05:50:40', '2016-07-04 05:50:40'),
(605, 33, 'Shahjahanpur', 0, 0, '2016-07-04 05:50:40', '2016-07-04 05:50:40'),
(606, 33, 'Shamli[9]', 0, 0, '2016-07-04 05:50:40', '2016-07-04 05:50:40'),
(607, 33, 'Shravasti', 0, 0, '2016-07-04 05:50:40', '2016-07-04 05:50:40'),
(608, 33, 'Siddharthnagar', 0, 0, '2016-07-04 05:50:40', '2016-07-04 05:50:40'),
(609, 33, 'Sitapur', 0, 0, '2016-07-04 05:50:40', '2016-07-04 05:50:40'),
(610, 33, 'Sonbhadra', 0, 0, '2016-07-04 05:50:40', '2016-07-04 05:50:40'),
(611, 33, 'Sultanpur', 0, 0, '2016-07-04 05:50:40', '2016-07-04 05:50:40'),
(612, 33, 'Unnao', 0, 0, '2016-07-04 05:50:40', '2016-07-04 05:50:40'),
(613, 33, 'Varanasi', 0, 0, '2016-07-04 05:50:40', '2016-07-04 05:50:40'),
(614, 34, 'Almora', 0, 0, '2016-07-04 05:50:40', '2016-07-04 05:50:40'),
(615, 34, 'Bageshwar', 0, 0, '2016-07-04 05:50:40', '2016-07-04 05:50:40'),
(616, 34, 'Chamoli', 0, 0, '2016-07-04 05:50:40', '2016-07-04 05:50:40'),
(617, 34, 'Champawat', 0, 0, '2016-07-04 05:50:40', '2016-07-04 05:50:40'),
(618, 34, 'Dehradun', 0, 0, '2016-07-04 05:50:40', '2016-07-04 05:50:40'),
(619, 34, 'Haridwar', 0, 0, '2016-07-04 05:50:40', '2016-07-04 05:50:40'),
(620, 34, 'Nainital', 0, 0, '2016-07-04 05:50:40', '2016-07-04 05:50:40'),
(621, 34, 'Pauri Garhwal', 0, 0, '2016-07-04 05:50:40', '2016-07-04 05:50:40'),
(622, 34, 'Pithoragarh', 0, 0, '2016-07-04 05:50:40', '2016-07-04 05:50:40'),
(623, 34, 'Rudraprayag', 0, 0, '2016-07-04 05:50:40', '2016-07-04 05:50:40'),
(624, 34, 'Tehri Garhwal', 0, 0, '2016-07-04 05:50:40', '2016-07-04 05:50:40'),
(625, 34, 'Udham Singh Nagar', 0, 0, '2016-07-04 05:50:40', '2016-07-04 05:50:40'),
(626, 34, 'Uttarkashi', 0, 0, '2016-07-04 05:50:40', '2016-07-04 05:50:40'),
(627, 35, 'Bankura', 0, 0, '2016-07-04 05:50:40', '2016-07-04 05:50:40'),
(628, 35, 'Bardhaman', 0, 0, '2016-07-04 05:50:40', '2016-07-04 05:50:40'),
(629, 35, 'Birbhum', 0, 0, '2016-07-04 05:50:40', '2016-07-04 05:50:40'),
(630, 35, 'Cooch Behar', 0, 0, '2016-07-04 05:50:40', '2016-07-04 05:50:40'),
(631, 35, 'Dakshin Dinajpur', 0, 0, '2016-07-04 05:50:40', '2016-07-04 05:50:40'),
(632, 35, 'Darjeeling', 0, 0, '2016-07-04 05:50:40', '2016-07-04 05:50:40'),
(633, 35, 'Hooghly', 0, 0, '2016-07-04 05:50:40', '2016-07-04 05:50:40'),
(634, 35, 'Howrah', 0, 0, '2016-07-04 05:50:40', '2016-07-04 05:50:40'),
(635, 35, 'Jalpaiguri', 0, 0, '2016-07-04 05:50:40', '2016-07-04 05:50:40'),
(636, 35, 'Kolkata', 0, 0, '2016-07-04 05:50:40', '2016-07-04 05:50:40'),
(637, 35, 'Maldah', 0, 0, '2016-07-04 05:50:40', '2016-07-04 05:50:40'),
(638, 35, 'Murshidabad', 0, 0, '2016-07-04 05:50:40', '2016-07-04 05:50:40'),
(639, 35, 'Nadia', 0, 0, '2016-07-04 05:50:40', '2016-07-04 05:50:40'),
(640, 35, 'North 24 Parganas', 0, 0, '2016-07-04 05:50:40', '2016-07-04 05:50:40'),
(641, 35, 'Paschim Medinipur', 0, 0, '2016-07-04 05:50:40', '2016-07-04 05:50:40'),
(642, 35, 'Purba Medinipur', 0, 0, '2016-07-04 05:50:40', '2016-07-04 05:50:40'),
(643, 35, 'Purulia', 0, 0, '2016-07-04 05:50:40', '2016-07-04 05:50:40'),
(644, 35, 'South 24 Parganas', 0, 0, '2016-07-04 05:50:40', '2016-07-04 05:50:40'),
(645, 35, 'Uttar Dinajpur', 0, 0, '2016-07-04 05:50:40', '2016-07-04 05:50:40');

-- --------------------------------------------------------

--
-- Table structure for table `emailaddresses`
--

CREATE TABLE IF NOT EXISTS `emailaddresses` (
  `emailId` int(12) NOT NULL AUTO_INCREMENT,
  `entityId` int(12) NOT NULL,
  `email` varchar(200) NOT NULL,
  `emailType` varchar(200) NOT NULL,
  `description` varchar(500) NOT NULL,
  `deleted` int(2) NOT NULL DEFAULT '0',
  `status` int(2) NOT NULL DEFAULT '0',
  `created_at` timestamp NOT NULL DEFAULT CURRENT_TIMESTAMP,
  `updated_at` timestamp NOT NULL DEFAULT CURRENT_TIMESTAMP,
  PRIMARY KEY (`emailId`)
) ENGINE=InnoDB  DEFAULT CHARSET=latin1 AUTO_INCREMENT=35 ;

--
-- Dumping data for table `emailaddresses`
--

INSERT INTO `emailaddresses` (`emailId`, `entityId`, `email`, `emailType`, `description`, `deleted`, `status`, `created_at`, `updated_at`) VALUES
(1, 1, 'ramkumawatk45@gmail.com', '', '', 0, 0, '2016-07-02 05:01:30', '2016-07-02 05:01:30'),
(2, 2, 'ravi@bel-technology.com', '', '', 0, 0, '2016-07-02 05:08:45', '2016-07-02 05:08:45'),
(3, 3, 'suraj@bel-technology.com', '', '', 0, 0, '2016-07-02 05:09:54', '2016-07-02 05:09:54'),
(4, 4, 'ravi@bel-technology.com', '', '', 0, 0, '2016-07-02 05:10:44', '2016-07-02 05:10:44'),
(5, 5, 'suraj@bel-technology.com', '', '', 0, 0, '2016-07-02 05:11:26', '2016-07-02 05:11:26'),
(6, 6, 'suraj@bel-technology.com', '', '', 0, 0, '2016-07-02 05:12:18', '2016-07-02 05:12:18'),
(7, 7, 'rajesh@bel-technology.com', '', '', 1, 0, '2016-07-02 05:48:16', '2016-07-02 05:48:16'),
(8, 8, 'ravi@bel-technology.com', '', '', 1, 0, '2016-07-03 23:36:33', '2016-07-03 23:36:33'),
(9, 9, 'rajesh@bel-technology.com', '', '', 1, 0, '2016-07-03 23:44:19', '2016-07-03 23:44:19'),
(10, 10, 'suraj@bel-technology.com', '', '', 1, 0, '2016-07-03 23:44:59', '2016-07-03 23:44:59'),
(11, 11, 'ramkumawatk45@gmail.com', '', '', 1, 0, '2016-07-04 04:04:04', '2016-07-04 04:04:04'),
(12, 12, 'test@testmail.com1', '', '', 1, 0, '2016-07-04 05:33:07', '2016-07-04 05:34:33'),
(13, 13, 'test@testmail.com', '', '', 0, 0, '2016-07-05 05:34:58', '2016-07-05 05:34:58'),
(14, 14, 'suraj@bel-technology.com', '', '', 0, 0, '2016-07-05 22:20:45', '2016-07-05 22:20:45'),
(15, 15, 'sakshikumawat642@gmail.com', '', '', 0, 0, '2016-07-05 22:37:30', '2016-07-05 22:37:30'),
(16, 16, 'surajmal@bel-technology.com', '', '', 0, 0, '2016-07-06 00:07:23', '2016-07-06 00:07:23'),
(17, 17, 'tests@testmail.com', '', '', 0, 0, '2016-07-06 05:00:04', '2016-07-06 05:00:04'),
(18, 18, 'kumawat@gmail.com', '', '', 0, 0, '2016-07-07 07:00:00', '2016-07-07 07:00:00'),
(19, 19, 'info@bel-technology.com', '', '', 0, 0, '2016-07-07 10:40:47', '2016-07-07 10:40:47'),
(20, 20, 'ravi@bel-technology.com', '', '', 1, 0, '2016-07-07 22:05:19', '2016-07-07 22:05:19'),
(21, 21, 'akshita@bel-technology.com', '', '', 0, 0, '2016-07-07 22:16:10', '2016-07-07 22:16:10'),
(22, 22, 'suresh@bel-technology.com', '', '', 0, 0, '2016-07-07 22:23:52', '2016-07-07 22:23:52'),
(23, 23, 'ravikumawat@bel-technology.com', '', '', 1, 0, '2016-07-08 00:00:33', '2016-07-08 00:00:33'),
(24, 24, 'demo@demo.com', '', '', 0, 0, '2016-07-08 01:34:36', '2016-07-08 01:34:36'),
(25, 25, 'abida@bel-technology.com', '', '', 0, 0, '2016-07-12 06:11:21', '2016-07-12 06:11:21'),
(26, 26, 'vcxcv', '', '', 1, 0, '2016-07-12 06:13:16', '2016-07-13 22:23:41'),
(27, 27, 'surajs@bel-technology.com', '', '', 0, 0, '2016-07-13 06:17:41', '2016-07-13 06:17:41'),
(28, 28, 'dinesh@bel-technology.com', '', '', 0, 0, '2016-07-13 07:13:31', '2016-07-13 07:13:31'),
(29, 29, 'gs@shools.com', '', '', 0, 0, '2016-07-13 23:06:00', '2016-07-13 23:06:00'),
(30, 30, 'gs@shools.com', '', '', 0, 0, '2016-07-14 01:35:35', '2016-07-14 01:35:35'),
(31, 31, 'gs@shools.com', '', '', 0, 0, '2016-07-14 23:28:52', '2016-07-14 23:28:52'),
(32, 32, 'gs.school@gmail.com', '', '', 0, 0, '2016-07-15 01:59:32', '2016-07-15 21:54:42'),
(33, 33, 'demo@demotest.com', '', '', 0, 0, '2016-07-18 00:08:26', '2016-07-18 00:08:26'),
(34, 37, 'demo@demotest.com', '', '', 0, 0, '2016-07-19 00:20:05', '2016-07-19 00:20:05');

-- --------------------------------------------------------

--
-- Table structure for table `employees`
--

CREATE TABLE IF NOT EXISTS `employees` (
  `employeeId` int(12) NOT NULL AUTO_INCREMENT,
  `teamId` int(12) NOT NULL,
  `entityId` int(12) NOT NULL,
  `locationId` int(12) NOT NULL,
  `sessionYear` varchar(100) NOT NULL,
  `employeeCode` varchar(100) NOT NULL,
  `dateOfJoining` varchar(100) NOT NULL,
  `dob` varchar(100) NOT NULL,
  `designation` varchar(200) NOT NULL,
  `description` varchar(500) NOT NULL,
  `deleted` int(2) NOT NULL DEFAULT '0',
  `status` int(2) NOT NULL DEFAULT '0',
  `updated_at` timestamp NOT NULL DEFAULT CURRENT_TIMESTAMP,
  `created_at` timestamp NOT NULL DEFAULT CURRENT_TIMESTAMP,
  PRIMARY KEY (`employeeId`)
) ENGINE=InnoDB  DEFAULT CHARSET=latin1 AUTO_INCREMENT=31 ;

--
-- Dumping data for table `employees`
--

INSERT INTO `employees` (`employeeId`, `teamId`, `entityId`, `locationId`, `sessionYear`, `employeeCode`, `dateOfJoining`, `dob`, `designation`, `description`, `deleted`, `status`, `updated_at`, `created_at`) VALUES
(7, 0, 7, 0, '2016-2017', '', '12/03/2016', '11/03/1992', 'Employee', '', 1, 0, '2016-07-04 04:32:01', '2016-07-02 05:48:15'),
(8, 0, 8, 0, '2016-2017', '', '12/03/2016', '14/07/1995', '3', '', 1, 0, '2016-07-05 06:01:39', '2016-07-03 23:36:33'),
(9, 0, 9, 0, '2016-2017', '', '12/03/2016', '14/07/1995', '1', '', 1, 0, '2016-07-06 02:24:04', '2016-07-03 23:44:18'),
(10, 0, 10, 0, '2016-2017', '', '12/03/2016', '14/07/1995', 'Employee', '', 1, 0, '2016-07-04 02:54:50', '2016-07-03 23:44:59'),
(11, 2, 11, 2, '2016-2017', 'EMP11', '04/07/2016', '14/07/1995', 'Employee', '', 0, 0, '2016-07-04 04:04:04', '2016-07-04 04:04:04'),
(12, 2, 12, 2, '2016-2017', 'EMP12', '04/07/2016', '06/07/2016', '1', '', 0, 0, '2016-07-07 22:29:26', '2016-07-04 05:33:07'),
(13, 2, 13, 4, '2016-2017', 'EMP13', '05/07/2016', '26/06/2016', 'Team', '', 0, 0, '2016-07-05 05:34:57', '2016-07-05 05:34:57'),
(14, 0, 14, 0, '2016-2017', 'EMP14', '06/07/2016', '14/07/1995', '3', '', 0, 0, '2016-07-05 22:20:44', '2016-07-05 22:20:44'),
(15, 0, 15, 0, '2016-2017', 'EMP15', '06/07/2016', '26/06/2016', '3', '', 0, 0, '2016-07-05 22:32:27', '2016-07-05 22:32:27'),
(16, 0, 15, 0, '2016-2017', 'EMP16', '06/07/2016', '14/07/1995', '3', '', 0, 0, '2016-07-05 22:37:29', '2016-07-05 22:37:29'),
(17, 0, 16, 0, '2016-2017', 'EMP17', '12/03/2016', '28/06/2016', '1', '', 0, 0, '2016-07-06 00:03:02', '2016-07-06 00:03:02'),
(18, 0, 16, 0, '2016-2017', 'EMP18', '06/07/2016', '28/06/2016', '1', '', 0, 0, '2016-07-06 00:07:22', '2016-07-06 00:07:22'),
(19, 0, 17, 0, '2016-2017', 'EMP19', '06/07/2016', '14/07/1995', '3', '', 0, 0, '2016-07-06 05:00:04', '2016-07-06 05:00:04'),
(20, 0, 18, 0, '2016-2017', 'EMP20', '07/07/2016', '06/07/2016', '1', '', 0, 0, '2016-07-07 07:09:33', '2016-07-07 07:00:00'),
(21, 2, 19, 4, '2016-2017', 'EMP21', '07/07/2016', '26/06/2016', '4', '', 0, 0, '2016-07-07 10:40:47', '2016-07-07 10:40:47'),
(22, 0, 20, 0, '2016-2017', 'EMP22', '08/07/2016', '28/06/2016', '5', '', 1, 0, '2016-07-07 22:05:19', '2016-07-07 22:05:19'),
(23, 8, 21, 0, '2016-2017', 'EMP23', '08/07/2016', '02/02/2016', '1', '', 0, 0, '2016-07-10 23:14:23', '2016-07-07 22:16:09'),
(24, 9, 22, 3, '2016-2017', 'EMP24', '08/07/2016', '29/03/2016', '1', '', 0, 0, '2016-07-07 22:27:26', '2016-07-07 22:23:51'),
(25, 0, 23, 0, '2016-2017', 'EMP25', '08/07/2016', '01/04/2016', '3', '', 1, 0, '2016-07-08 00:00:32', '2016-07-08 00:00:32'),
(26, 2, 24, 2, '2016-2017', 'EMP26', '08/07/2016', '27/06/2016', '1', '', 0, 0, '2016-07-08 01:34:35', '2016-07-08 01:34:35'),
(27, 2, 25, 4, '2016-2017', 'EMP27', '12/07/2016', '26/06/2016', '3', '', 0, 0, '2016-07-12 06:11:21', '2016-07-12 06:11:21'),
(28, 2, 26, 4, '2016-2017', 'EMP28', '12/07/2016', '26/06/2016', '3', '', 0, 0, '2016-07-12 06:13:15', '2016-07-12 06:13:15'),
(29, 2, 27, 2, '2016-2017', 'EMP29', '13/07/2016', '25/04/2016', '3', '', 0, 0, '2016-07-13 06:17:41', '2016-07-13 06:17:41'),
(30, 8, 28, 4, '2016-2017', 'EMP30', '13/07/2016', '14/07/1995', '3', '', 0, 0, '2016-07-13 07:13:30', '2016-07-13 07:13:30');

-- --------------------------------------------------------

--
-- Table structure for table `entitys`
--

CREATE TABLE IF NOT EXISTS `entitys` (
  `entityId` int(12) NOT NULL AUTO_INCREMENT,
  `name` varchar(200) NOT NULL,
  `entityType` varchar(100) NOT NULL,
  `deleted` int(2) NOT NULL DEFAULT '0',
  `status` int(2) NOT NULL DEFAULT '0',
  `updated_at` timestamp NOT NULL DEFAULT CURRENT_TIMESTAMP,
  `created_at` timestamp NOT NULL DEFAULT CURRENT_TIMESTAMP,
  `description` varchar(500) NOT NULL,
  PRIMARY KEY (`entityId`)
) ENGINE=InnoDB  DEFAULT CHARSET=latin1 AUTO_INCREMENT=39 ;

--
-- Dumping data for table `entitys`
--

INSERT INTO `entitys` (`entityId`, `name`, `entityType`, `deleted`, `status`, `updated_at`, `created_at`, `description`) VALUES
(1, 'Ramniwas', '', 0, 0, '2016-07-02 05:01:30', '2016-07-02 05:01:30', ''),
(2, 'Ravi kumawat', '', 0, 0, '2016-07-02 05:08:44', '2016-07-02 05:08:44', ''),
(3, 'Suraj Kumawat', '', 0, 0, '2016-07-02 05:09:53', '2016-07-02 05:09:53', ''),
(4, 'Babulal kumawat', '', 1, 0, '2016-07-02 05:10:44', '2016-07-02 05:10:44', ''),
(5, 'Shyam singh', '', 0, 0, '2016-07-02 05:11:26', '2016-07-02 05:11:26', ''),
(6, 'Pawan', '', 0, 0, '2016-07-02 05:12:17', '2016-07-02 05:12:17', ''),
(7, 'Rajesh', '', 1, 0, '2016-07-02 05:48:16', '2016-07-02 05:48:16', ''),
(8, 'Shivam', '', 1, 0, '2016-07-03 23:36:33', '2016-07-03 23:36:33', ''),
(9, 'kumar kalyan', '', 1, 0, '2016-07-06 02:24:04', '2016-07-03 23:44:18', ''),
(10, 'Ramniwas kumawat', '', 1, 0, '2016-07-04 03:43:48', '2016-07-03 23:44:59', ''),
(11, 'Payal', '', 1, 0, '2016-07-04 04:04:04', '2016-07-04 04:04:04', ''),
(12, 'Ravi kumawat ', '', 1, 0, '2016-07-07 22:29:26', '2016-07-04 05:33:07', ''),
(13, 'Mahendra', '', 0, 0, '2016-07-05 05:34:57', '2016-07-05 05:34:57', ''),
(14, 'Ramniwas', '', 0, 0, '2016-07-05 22:20:45', '2016-07-05 22:20:45', ''),
(15, 'Sakshi kumawat', '', 0, 0, '2016-07-05 22:37:29', '2016-07-05 22:37:29', ''),
(16, 'Surajmal kumawat', '', 0, 0, '2016-07-06 00:07:22', '2016-07-06 00:07:22', ''),
(17, 'Ramniwas', '3', 0, 0, '2016-07-06 05:00:04', '2016-07-06 05:00:04', ''),
(18, 'Ramniwas', '3', 0, 0, '2016-07-07 07:00:00', '2016-07-07 07:00:00', ''),
(19, 'Sitaram Kumawat', '4', 0, 0, '2016-07-07 10:40:47', '2016-07-07 10:40:47', ''),
(20, 'Radha', '5', 1, 0, '2016-07-07 22:05:19', '2016-07-07 22:05:19', ''),
(21, 'Akshita', '5', 0, 0, '2016-07-07 22:16:09', '2016-07-07 22:16:09', ''),
(22, 'Suresh kumawat', '6', 0, 0, '2016-07-07 22:23:52', '2016-07-07 22:23:52', ''),
(23, 'kumawat ravi', '3', 1, 0, '2016-07-08 00:00:32', '2016-07-08 00:00:32', ''),
(24, 'demo', '1', 0, 0, '2016-07-08 01:34:35', '2016-07-08 01:34:35', ''),
(25, 'Abida', '3', 0, 0, '2016-07-12 06:11:21', '2016-07-12 06:11:21', ''),
(26, 'Trilok', '3', 1, 0, '2016-07-12 06:13:15', '2016-07-12 06:13:15', ''),
(27, 'Suraj singh', '3', 0, 0, '2016-07-13 06:17:41', '2016-07-13 06:17:41', ''),
(28, 'Dinesh Kumawat', '3', 0, 0, '2016-07-13 07:13:30', '2016-07-13 07:13:30', ''),
(29, 'Geetanjali Sen.sec. school', '', 0, 0, '2016-07-13 23:06:00', '2016-07-13 23:06:00', ''),
(30, 'Geetanjali Sen.sec. school', '', 0, 0, '2016-07-14 01:35:35', '2016-07-14 01:35:35', ''),
(31, 'Geetanjali Sen.sec. school', '', 0, 0, '2016-07-14 23:28:50', '2016-07-14 23:28:50', ''),
(32, 'Geetanjali Sen.sec. school', '', 0, 0, '2016-07-15 01:59:29', '2016-07-15 01:59:29', ''),
(33, 'UPS jaipur', '', 0, 0, '2016-07-18 00:08:23', '2016-07-18 00:08:23', ''),
(34, 'Rajesh Kumawat', 'student', 0, 0, '2016-07-18 01:18:03', '2016-07-18 01:18:03', ''),
(35, 'Mahindra kumawat', 'student', 0, 0, '2016-07-18 02:38:11', '2016-07-18 02:38:11', ''),
(36, 'Nand Kishore', 'student', 0, 0, '2016-07-18 02:46:56', '2016-07-18 02:46:56', ''),
(37, 'RPS School', '', 0, 0, '2016-07-19 00:20:03', '2016-07-19 00:20:03', ''),
(38, 'kittu', 'student', 0, 0, '2016-07-19 00:45:12', '2016-07-19 00:45:12', '');

-- --------------------------------------------------------

--
-- Table structure for table `fees`
--

CREATE TABLE IF NOT EXISTS `fees` (
  `id` int(10) unsigned NOT NULL AUTO_INCREMENT,
  `entityId` int(12) NOT NULL,
  `schoolId` int(12) NOT NULL,
  `sessionYear` varchar(255) COLLATE utf8_unicode_ci NOT NULL,
  `examLevelId` int(2) NOT NULL,
  `totalAmount` int(12) NOT NULL,
  `otherExpenses` int(12) NOT NULL,
  `restAmount` int(12) NOT NULL,
  `receivedAmount` int(12) NOT NULL,
  `deleted` int(2) NOT NULL DEFAULT '0',
  `status` int(2) NOT NULL DEFAULT '0',
  `created_at` timestamp NULL DEFAULT NULL,
  `updated_at` timestamp NULL DEFAULT NULL,
  PRIMARY KEY (`id`)
) ENGINE=InnoDB  DEFAULT CHARSET=utf8 COLLATE=utf8_unicode_ci AUTO_INCREMENT=4 ;

--
-- Dumping data for table `fees`
--

INSERT INTO `fees` (`id`, `entityId`, `schoolId`, `sessionYear`, `examLevelId`, `totalAmount`, `otherExpenses`, `restAmount`, `receivedAmount`, `deleted`, `status`, `created_at`, `updated_at`) VALUES
(1, 32, 2, '2016-2017', 1, 8400, 1000, 0, 5000, 0, 0, NULL, '2016-07-18 05:16:13'),
(2, 33, 3, '2016-2017', 0, 61000, 30000, 0, 50000, 0, 0, '2016-07-18 00:08:23', '2016-07-18 00:08:23'),
(3, 37, 4, '2016-2017', 0, 4400, 100, 0, 4000, 0, 0, '2016-07-19 00:20:03', '2016-07-19 00:20:03');

-- --------------------------------------------------------

--
-- Table structure for table `first_levels`
--

CREATE TABLE IF NOT EXISTS `first_levels` (
  `id` int(10) unsigned NOT NULL AUTO_INCREMENT,
  `entityId` int(12) NOT NULL,
  `schoolId` int(12) NOT NULL,
  `sessionYear` varchar(255) COLLATE utf8_unicode_ci NOT NULL,
  `examLevelId` int(12) NOT NULL,
  `reportTime` varchar(255) COLLATE utf8_unicode_ci NOT NULL,
  `examStartTime` varchar(255) COLLATE utf8_unicode_ci NOT NULL,
  `examEndTime` varchar(255) COLLATE utf8_unicode_ci NOT NULL,
  `deleted` int(2) NOT NULL DEFAULT '0',
  `status` int(2) NOT NULL DEFAULT '0',
  `created_at` timestamp NULL DEFAULT NULL,
  `updated_at` timestamp NULL DEFAULT NULL,
  PRIMARY KEY (`id`)
) ENGINE=InnoDB  DEFAULT CHARSET=utf8 COLLATE=utf8_unicode_ci AUTO_INCREMENT=4 ;

--
-- Dumping data for table `first_levels`
--

INSERT INTO `first_levels` (`id`, `entityId`, `schoolId`, `sessionYear`, `examLevelId`, `reportTime`, `examStartTime`, `examEndTime`, `deleted`, `status`, `created_at`, `updated_at`) VALUES
(1, 32, 2, '2016-2017', 1, '5:25 PM', '12:00PM', '01:00PM', 0, 0, '2016-07-18 18:30:00', '2016-07-18 18:30:00'),
(2, 33, 3, '2016-2017', 0, '', '', '', 0, 0, '2016-07-18 18:30:00', '2016-07-18 18:30:00'),
(3, 37, 4, '2016-2017', 1, '11:30 AM', '11:25 AM', '12:25 PM', 0, 0, '2016-07-19 00:20:03', '2016-07-19 00:20:03');

-- --------------------------------------------------------

--
-- Table structure for table `locations`
--

CREATE TABLE IF NOT EXISTS `locations` (
  `id` int(10) unsigned NOT NULL AUTO_INCREMENT,
  `state_id` int(12) NOT NULL,
  `district_id` int(12) NOT NULL,
  `city_id` int(12) NOT NULL,
  `location` varchar(255) COLLATE utf8_unicode_ci NOT NULL,
  `deleted` int(11) NOT NULL,
  `status` int(11) NOT NULL,
  `created_at` timestamp NULL DEFAULT NULL,
  `updated_at` timestamp NULL DEFAULT NULL,
  PRIMARY KEY (`id`)
) ENGINE=InnoDB  DEFAULT CHARSET=utf8 COLLATE=utf8_unicode_ci AUTO_INCREMENT=5 ;

--
-- Dumping data for table `locations`
--

INSERT INTO `locations` (`id`, `state_id`, `district_id`, `city_id`, `location`, `deleted`, `status`, `created_at`, `updated_at`) VALUES
(1, 0, 466, 10, 'Jobner', 0, 0, '2016-07-11 03:55:49', '2016-07-11 05:06:40'),
(2, 29, 485, 8, 'Joshi Marg', 0, 0, '2016-07-11 04:00:07', '2016-07-11 05:06:27'),
(3, 29, 466, 10, 'Rampur', 0, 0, '2016-07-11 04:42:00', '2016-07-11 04:42:00'),
(4, 29, 485, 8, 'Niwaro', 0, 0, '2016-07-11 04:57:23', '2016-07-11 04:57:23');

-- --------------------------------------------------------

--
-- Table structure for table `migrations`
--

CREATE TABLE IF NOT EXISTS `migrations` (
  `migration` varchar(255) COLLATE utf8_unicode_ci NOT NULL,
  `batch` int(11) NOT NULL
) ENGINE=InnoDB DEFAULT CHARSET=utf8 COLLATE=utf8_unicode_ci;

--
-- Dumping data for table `migrations`
--

INSERT INTO `migrations` (`migration`, `batch`) VALUES
('2014_10_12_000000_create_users_table', 1),
('2016_07_01_113705_add_paid_to_employees', 2),
('2016_07_01_114602_add_mobileNo_to_employees', 3),
('2016_07_01_115120_add_mobileNo_to_employees', 4),
('2016_07_08_092358_create_schooles_table', 5),
('2016_07_16_034440_create_fees_table', 6),
('2016_07_16_054054_create_students_table', 7),
('2016_07_19_041522_create_first_levels_table', 8);

-- --------------------------------------------------------

--
-- Table structure for table `password_resets`
--

CREATE TABLE IF NOT EXISTS `password_resets` (
  `email` varchar(255) COLLATE utf8_unicode_ci NOT NULL,
  `token` varchar(255) COLLATE utf8_unicode_ci NOT NULL,
  `created_at` timestamp NULL DEFAULT NULL,
  KEY `password_resets_email_index` (`email`),
  KEY `password_resets_token_index` (`token`)
) ENGINE=InnoDB DEFAULT CHARSET=utf8 COLLATE=utf8_unicode_ci;

--
-- Dumping data for table `password_resets`
--

INSERT INTO `password_resets` (`email`, `token`, `created_at`) VALUES
('ram@bel-technology.com', '4529b813cfcf3708d670d2a4bb38f59c3106a79942749a124790f6c7fe81e239', '2016-07-07 22:59:56'),
('ravi@bel-technology.com', '9efd4894c4599041dc0ab159f2ea94d6e67b56f357f6e3f76e03d9305659b65b', '2016-07-11 23:34:24');

-- --------------------------------------------------------

--
-- Table structure for table `payments`
--

CREATE TABLE IF NOT EXISTS `payments` (
  `id` int(10) unsigned NOT NULL AUTO_INCREMENT,
  `entityId` int(11) NOT NULL,
  `schoolId` int(11) NOT NULL,
  `sessionYear` varchar(100) COLLATE utf8_unicode_ci NOT NULL,
  `paymentModeId` int(11) NOT NULL,
  `examLevelId` int(11) NOT NULL,
  `paymentDate` varchar(255) COLLATE utf8_unicode_ci NOT NULL,
  `modeRefNo` int(15) NOT NULL,
  `paymentStatus` int(2) NOT NULL DEFAULT '0',
  `deleted` int(2) NOT NULL DEFAULT '0',
  `status` int(2) NOT NULL DEFAULT '0',
  `created_at` timestamp NULL DEFAULT NULL,
  `updated_at` timestamp NULL DEFAULT NULL,
  PRIMARY KEY (`id`)
) ENGINE=InnoDB  DEFAULT CHARSET=utf8 COLLATE=utf8_unicode_ci AUTO_INCREMENT=11 ;

--
-- Dumping data for table `payments`
--

INSERT INTO `payments` (`id`, `entityId`, `schoolId`, `sessionYear`, `paymentModeId`, `examLevelId`, `paymentDate`, `modeRefNo`, `paymentStatus`, `deleted`, `status`, `created_at`, `updated_at`) VALUES
(1, 32, 2, '2016-2017', 4, 1, '06/07/2016', 0, 0, 0, 0, '2016-07-15 01:59:29', '2016-07-15 01:59:29'),
(9, 33, 3, '2016-2017', 0, 0, '', 0, 0, 0, 0, '2016-07-18 00:08:23', '2016-07-18 00:08:23'),
(10, 37, 4, '2016-2017', 4, 1, '19/07/2016', 0, 0, 0, 0, '2016-07-19 00:20:03', '2016-07-19 00:20:03');

-- --------------------------------------------------------

--
-- Table structure for table `payment_modes`
--

CREATE TABLE IF NOT EXISTS `payment_modes` (
  `id` int(10) unsigned NOT NULL AUTO_INCREMENT,
  `paymentMode` varchar(255) NOT NULL,
  `deleted` int(2) NOT NULL DEFAULT '0',
  `status` int(2) NOT NULL DEFAULT '0',
  `created_at` timestamp NOT NULL DEFAULT CURRENT_TIMESTAMP,
  `updated_at` timestamp NOT NULL DEFAULT CURRENT_TIMESTAMP,
  PRIMARY KEY (`id`)
) ENGINE=InnoDB  DEFAULT CHARSET=latin1 AUTO_INCREMENT=6 ;

--
-- Dumping data for table `payment_modes`
--

INSERT INTO `payment_modes` (`id`, `paymentMode`, `deleted`, `status`, `created_at`, `updated_at`) VALUES
(1, 'Cheque', 0, 0, '2016-07-15 06:54:51', '2016-07-15 06:54:51'),
(2, 'DD', 0, 0, '2016-07-15 06:54:51', '2016-07-15 06:54:51'),
(3, 'RTGS', 0, 0, '2016-07-15 06:55:50', '2016-07-15 06:55:50'),
(4, 'NEFT', 0, 0, '2016-07-15 06:55:50', '2016-07-15 06:55:50'),
(5, 'Cash', 0, 0, '2016-07-19 06:19:13', '2016-07-19 06:19:13');

-- --------------------------------------------------------

--
-- Table structure for table `phones`
--

CREATE TABLE IF NOT EXISTS `phones` (
  `phoneId` int(12) NOT NULL AUTO_INCREMENT,
  `entityId` int(11) NOT NULL,
  `primaryNumber` varchar(15) NOT NULL,
  `secondaryNumber` varchar(15) NOT NULL,
  `deleted` int(2) NOT NULL DEFAULT '0',
  `status` int(2) NOT NULL DEFAULT '0',
  `created_at` timestamp NOT NULL DEFAULT CURRENT_TIMESTAMP,
  `updated_at` timestamp NOT NULL DEFAULT CURRENT_TIMESTAMP,
  PRIMARY KEY (`phoneId`)
) ENGINE=InnoDB  DEFAULT CHARSET=latin1 AUTO_INCREMENT=45 ;

--
-- Dumping data for table `phones`
--

INSERT INTO `phones` (`phoneId`, `entityId`, `primaryNumber`, `secondaryNumber`, `deleted`, `status`, `created_at`, `updated_at`) VALUES
(1, 1, '9166782146', 'primary', 0, 0, '2016-07-02 05:01:30', '2016-07-02 05:01:30'),
(2, 1, '9929906336', 'secondary', 0, 0, '2016-07-02 05:01:31', '2016-07-02 05:01:31'),
(3, 2, '9166782145', 'primary', 0, 0, '2016-07-02 05:08:45', '2016-07-02 05:08:45'),
(4, 2, '9929906337', 'secondary', 0, 0, '2016-07-02 05:08:45', '2016-07-02 05:08:45'),
(5, 3, '9166782145', 'primary', 0, 0, '2016-07-02 05:09:54', '2016-07-02 05:09:54'),
(6, 3, '9929906336', 'secondary', 0, 0, '2016-07-02 05:09:54', '2016-07-02 05:09:54'),
(7, 4, '9166782146', 'primary', 0, 0, '2016-07-02 05:10:44', '2016-07-02 05:10:44'),
(8, 4, '9166782146', 'secondary', 0, 0, '2016-07-02 05:10:44', '2016-07-02 05:10:44'),
(9, 5, '9166782145', 'primary', 0, 0, '2016-07-02 05:11:26', '2016-07-02 05:11:26'),
(10, 5, '9929906337', 'secondary', 0, 0, '2016-07-02 05:11:26', '2016-07-02 05:11:26'),
(11, 6, '9166782145', 'primary', 0, 0, '2016-07-02 05:12:18', '2016-07-02 05:12:18'),
(12, 6, '9929906337', 'secondary', 0, 0, '2016-07-02 05:12:18', '2016-07-02 05:12:18'),
(13, 7, '9166782145', 'primary', 1, 0, '2016-07-02 05:48:16', '2016-07-02 05:48:16'),
(14, 7, '0', 'secondary', 1, 0, '2016-07-02 05:48:16', '2016-07-02 05:48:16'),
(15, 8, '9166782146', 'primary', 1, 0, '2016-07-03 23:36:34', '2016-07-03 23:36:34'),
(16, 8, '', 'secondary', 1, 0, '2016-07-03 23:36:34', '2016-07-03 23:36:34'),
(17, 9, '9166782145', 'primary', 1, 0, '2016-07-03 23:44:19', '2016-07-03 23:44:19'),
(18, 10, '9166782146', 'primary', 1, 0, '2016-07-03 23:44:59', '2016-07-03 23:44:59'),
(19, 10, '9929906337', 'secondary', 1, 0, '2016-07-03 23:44:59', '2016-07-03 23:44:59'),
(20, 11, '9166782145', '9166782146', 1, 0, '2016-07-04 04:04:04', '2016-07-04 04:27:12'),
(21, 11, '9929906336', '9166782146', 1, 0, '2016-07-04 04:04:04', '2016-07-04 04:27:12'),
(22, 12, '99508266421', '99508266421', 1, 0, '2016-07-04 05:33:07', '2016-07-04 05:34:33'),
(23, 13, '9950826642', '9166782146', 0, 0, '2016-07-05 05:34:58', '2016-07-05 05:34:58'),
(24, 14, '9950826642', '9166782146', 0, 0, '2016-07-05 22:20:45', '2016-07-05 22:20:45'),
(25, 15, '9950826642', '9950826642', 0, 0, '2016-07-05 22:37:30', '2016-07-05 22:37:30'),
(26, 16, '9950826642', '9166782146', 0, 0, '2016-07-06 00:07:23', '2016-07-06 00:07:23'),
(27, 17, '9950826642', '9166782146', 0, 0, '2016-07-06 05:00:04', '2016-07-06 05:00:04'),
(28, 18, '9950826642', '9166782146', 0, 0, '2016-07-07 07:00:00', '2016-07-07 07:00:00'),
(29, 19, '9950826642', '99508266421', 0, 0, '2016-07-07 10:40:48', '2016-07-07 10:40:48'),
(30, 20, '9950826642', '9166782146', 1, 0, '2016-07-07 22:05:19', '2016-07-07 22:05:19'),
(31, 21, '9950826642', '9166782146', 0, 0, '2016-07-07 22:16:10', '2016-07-07 22:16:10'),
(32, 22, '9950826642', '9166782146', 0, 0, '2016-07-07 22:23:52', '2016-07-07 22:23:52'),
(33, 23, '9950826642', '9166782146', 1, 0, '2016-07-08 00:00:33', '2016-07-08 00:00:33'),
(34, 24, '9998888888', '7792834063', 0, 0, '2016-07-08 01:34:36', '2016-07-08 01:34:36'),
(35, 25, '9166782146', '232323', 0, 0, '2016-07-12 06:11:21', '2016-07-12 06:11:21'),
(36, 26, '9166782146', '232323', 1, 0, '2016-07-12 06:13:16', '2016-07-12 06:13:16'),
(37, 27, '9166782146', '232323', 0, 0, '2016-07-13 06:17:41', '2016-07-13 06:17:41'),
(38, 28, '7568650765', '232323', 0, 0, '2016-07-13 07:13:31', '2016-07-13 07:13:31'),
(39, 29, '9166782146', '9929906336', 0, 0, '2016-07-13 23:06:01', '2016-07-13 23:06:01'),
(40, 30, '7568650765', '232323', 0, 0, '2016-07-14 01:35:35', '2016-07-14 01:35:35'),
(41, 31, '9166782146', '9929906336', 0, 0, '2016-07-14 23:28:52', '2016-07-14 23:28:52'),
(42, 32, '9166782146', '9929906336', 0, 0, '2016-07-15 01:59:33', '2016-07-15 01:59:33'),
(43, 33, '9999999999', '888888888', 0, 0, '2016-07-18 00:08:26', '2016-07-18 00:08:26'),
(44, 37, '0123456789', '9876543210', 0, 0, '2016-07-19 00:20:05', '2016-07-19 00:20:05');

-- --------------------------------------------------------

--
-- Table structure for table `schools`
--

CREATE TABLE IF NOT EXISTS `schools` (
  `id` int(10) unsigned NOT NULL AUTO_INCREMENT,
  `entityId` int(11) NOT NULL,
  `sessionYear` varchar(255) COLLATE utf8_unicode_ci NOT NULL,
  `posterDistributionDate` varchar(255) COLLATE utf8_unicode_ci NOT NULL,
  `closingDate` varchar(255) COLLATE utf8_unicode_ci NOT NULL,
  `formNo` varchar(255) COLLATE utf8_unicode_ci NOT NULL,
  `schoolName` varchar(255) COLLATE utf8_unicode_ci NOT NULL,
  `principalName` varchar(255) COLLATE utf8_unicode_ci NOT NULL,
  `principalMobile` varchar(255) COLLATE utf8_unicode_ci NOT NULL,
  `principalEmail` varchar(255) COLLATE utf8_unicode_ci NOT NULL,
  `firstCoordinatorName` varchar(255) COLLATE utf8_unicode_ci NOT NULL,
  `firstCoordinatorMobile` varchar(255) COLLATE utf8_unicode_ci NOT NULL,
  `firstCoordinatorEmail` varchar(255) COLLATE utf8_unicode_ci NOT NULL,
  `secondCoordinator` varchar(255) COLLATE utf8_unicode_ci NOT NULL,
  `secondCoordinatorMobile` varchar(255) COLLATE utf8_unicode_ci NOT NULL,
  `secondCoordinatorEmail` varchar(255) COLLATE utf8_unicode_ci NOT NULL,
  `PMOExamDate` varchar(255) COLLATE utf8_unicode_ci NOT NULL,
  `PSOExamDate` varchar(255) COLLATE utf8_unicode_ci NOT NULL,
  `schoolcode` varchar(255) COLLATE utf8_unicode_ci NOT NULL,
  `uniqueSchoolCode` varchar(255) COLLATE utf8_unicode_ci NOT NULL,
  `teamCode` varchar(255) COLLATE utf8_unicode_ci NOT NULL,
  `employeeCode` varchar(255) COLLATE utf8_unicode_ci NOT NULL,
  `schoolTotalStrength` varchar(255) COLLATE utf8_unicode_ci NOT NULL,
  `classStrength` varchar(255) COLLATE utf8_unicode_ci NOT NULL,
  `followUpDate` varchar(255) COLLATE utf8_unicode_ci NOT NULL,
  `callStatus` varchar(255) COLLATE utf8_unicode_ci NOT NULL,
  `posterDistributed` varchar(255) COLLATE utf8_unicode_ci NOT NULL,
  `KMS` varchar(255) COLLATE utf8_unicode_ci NOT NULL,
  `remarks` varchar(255) COLLATE utf8_unicode_ci NOT NULL,
  `deleted` int(2) NOT NULL DEFAULT '0',
  `status` int(2) NOT NULL DEFAULT '0',
  `created_at` timestamp NULL DEFAULT NULL,
  `updated_at` timestamp NULL DEFAULT NULL,
  PRIMARY KEY (`id`)
) ENGINE=InnoDB  DEFAULT CHARSET=utf8 COLLATE=utf8_unicode_ci AUTO_INCREMENT=5 ;

--
-- Dumping data for table `schools`
--

INSERT INTO `schools` (`id`, `entityId`, `sessionYear`, `posterDistributionDate`, `closingDate`, `formNo`, `schoolName`, `principalName`, `principalMobile`, `principalEmail`, `firstCoordinatorName`, `firstCoordinatorMobile`, `firstCoordinatorEmail`, `secondCoordinator`, `secondCoordinatorMobile`, `secondCoordinatorEmail`, `PMOExamDate`, `PSOExamDate`, `schoolcode`, `uniqueSchoolCode`, `teamCode`, `employeeCode`, `schoolTotalStrength`, `classStrength`, `followUpDate`, `callStatus`, `posterDistributed`, `KMS`, `remarks`, `deleted`, `status`, `created_at`, `updated_at`) VALUES
(1, 31, '2016-2017', '26/06/2016', '14/07/2016', '111', 'Geetanjali Sen.sec. school', 'glsoni', '9166782146', 'glsoni@gmail.com', 'Babulalkumawat', '9166782146', 'babulalkumawat@gmail.com', 'Deepak kumawat', '9929906336', 'deepak@gmail.com', '26/06/2016', '14/07/2016', 'school101', 'SCHOOL31', '4', '28', '1000', '700', '14/07/2016', '1', 'yes', '20', 'yes', 0, 0, '2016-07-14 23:28:50', '2016-07-14 23:28:50'),
(2, 32, '2016-2017', '26/06/2016', '14/07/2016', '111', 'Geetanjali Sen.sec. school', 'glsoni', '9929906336', 'glsoni@gmail.com', 'Babulalkumawat', '9166782146', 'babulalkumawat@gmail.com', 'Deepak kumawat', '9929906336', 'deepak@gmail.com', '26/06/2016', '14/07/2016', 'school101', 'SCHOOL32', '4', '24', '1000', '700', '14/07/2016', '3', 'yes', '20', 'yes', 0, 1, '2016-07-15 01:59:29', '2016-07-18 03:55:37'),
(3, 33, '2016-2017', '18/07/2016', '18/07/2016', '1234', 'UPS jaipur', 'ramjilal', '7777777777', 'principal@testmail.com', 'shyam', '66666666666', 'coordinatior@testmail.com', 'ram', '5555555555', 'ramcoordinatior@testmail.com', '18/07/2016', '18/07/2016', 'schoolCode', 'SCHOOL33', '2', '23', '1000', '700', '19/07/2016', '3', '500', '20', 'remark', 0, 1, '2016-07-18 00:08:23', '2016-07-18 00:08:23'),
(4, 37, '2016-2017', '19/07/2016', '19/07/2016', '01234', 'RPS School', 'Krishna pal ', '232132323', 'krishna@demo.com', 'Ravi kumawat', '23423232323', 'ravi@gmail.com', 'Ramniwas kumawat', '43432432432', 'ramniwas@gmail.com', '19/07/2016', '19/07/2016', '4843843842', 'SCHOOL37', '4', '21', '300', '200', '19/07/2016', '1', '500', '200', 'very good', 0, 1, '2016-07-19 00:20:03', '2016-07-19 00:20:03');

-- --------------------------------------------------------

--
-- Table structure for table `states`
--

CREATE TABLE IF NOT EXISTS `states` (
  `id` int(8) NOT NULL AUTO_INCREMENT,
  `stateName` varchar(100) NOT NULL,
  `deleted` int(2) NOT NULL,
  `status` int(2) NOT NULL,
  `created_at` timestamp NOT NULL DEFAULT CURRENT_TIMESTAMP,
  `updated_at` timestamp NOT NULL DEFAULT CURRENT_TIMESTAMP,
  PRIMARY KEY (`id`)
) ENGINE=InnoDB  DEFAULT CHARSET=latin1 AUTO_INCREMENT=36 ;

--
-- Dumping data for table `states`
--

INSERT INTO `states` (`id`, `stateName`, `deleted`, `status`, `created_at`, `updated_at`) VALUES
(1, 'Andaman and Nicobar (AN)', 1, 0, '2016-07-04 05:44:32', '2016-07-04 22:31:04'),
(2, 'Andhra Pradesh (AP)', 0, 0, '2016-07-04 05:44:32', '2016-07-07 09:45:25'),
(3, 'Arunachal Pradesh (AR)', 0, 0, '2016-07-04 05:44:32', '2016-07-04 05:44:32'),
(4, 'Assam (AS)', 0, 0, '2016-07-04 05:44:32', '2016-07-04 05:44:32'),
(5, 'Bihar (BR)', 0, 0, '2016-07-04 05:44:32', '2016-07-04 05:44:32'),
(6, 'Chandigarh (CH)', 0, 0, '2016-07-04 05:44:32', '2016-07-04 05:44:32'),
(7, 'Chhattisgarh (CG)', 0, 0, '2016-07-04 05:44:32', '2016-07-04 05:44:32'),
(8, 'Dadra and Nagar Haveli (DN)', 0, 0, '2016-07-04 05:44:32', '2016-07-04 05:44:32'),
(9, 'Daman and Diu (DD)', 0, 0, '2016-07-04 05:44:32', '2016-07-04 05:44:32'),
(10, 'Delhi (DL)', 0, 0, '2016-07-04 05:44:32', '2016-07-04 05:44:32'),
(11, 'Goa (GA)', 0, 0, '2016-07-04 05:44:32', '2016-07-04 05:44:32'),
(12, 'Gujarat (GJ)', 0, 0, '2016-07-04 05:44:32', '2016-07-04 05:44:32'),
(13, 'Haryana (HR)', 0, 0, '2016-07-04 05:44:32', '2016-07-04 05:44:32'),
(14, 'Himachal Pradesh (HP)', 0, 0, '2016-07-04 05:44:32', '2016-07-04 05:44:32'),
(15, 'Jammu and Kashmir (JK)', 0, 0, '2016-07-04 05:44:32', '2016-07-04 05:44:32'),
(16, 'Jharkhand (JH)', 0, 0, '2016-07-04 05:44:32', '2016-07-04 05:44:32'),
(17, 'Karnataka (KA)', 0, 0, '2016-07-04 05:44:32', '2016-07-04 05:44:32'),
(18, 'Kerala (KL)', 0, 0, '2016-07-04 05:44:32', '2016-07-04 05:44:32'),
(19, 'Lakshdweep (LD)', 0, 0, '2016-07-04 05:44:32', '2016-07-04 05:44:32'),
(20, 'Madhya Pradesh (MP)', 0, 0, '2016-07-04 05:44:32', '2016-07-04 05:44:32'),
(21, 'Maharashtra (MH)', 0, 0, '2016-07-04 05:44:32', '2016-07-04 05:44:32'),
(22, 'Manipur (MN)', 0, 0, '2016-07-04 05:44:32', '2016-07-04 05:44:32'),
(23, 'Meghalaya (ML)', 0, 0, '2016-07-04 05:44:32', '2016-07-04 05:44:32'),
(24, 'Mizoram (MZ)', 0, 0, '2016-07-04 05:44:32', '2016-07-04 05:44:32'),
(25, 'Nagaland (NL)', 0, 0, '2016-07-04 05:44:32', '2016-07-04 05:44:32'),
(26, 'Odisha (OD)', 0, 0, '2016-07-04 05:44:32', '2016-07-04 05:44:32'),
(27, 'Puducherry (PY)', 0, 0, '2016-07-04 05:44:32', '2016-07-04 05:44:32'),
(28, 'Punjab (PB)', 0, 0, '2016-07-04 05:44:32', '2016-07-04 05:44:32'),
(29, 'Rajasthan (RJ)', 0, 0, '2016-07-04 05:44:32', '2016-07-04 05:44:32'),
(30, 'Sikkim (SK)', 0, 0, '2016-07-04 05:44:32', '2016-07-04 05:44:32'),
(31, 'Tamil Nadu (TN)', 0, 0, '2016-07-04 05:44:32', '2016-07-04 05:44:32'),
(32, 'Tripura (TR)', 0, 0, '2016-07-04 05:44:32', '2016-07-04 05:44:32'),
(33, 'Uttar Pradesh (UP)', 0, 0, '2016-07-04 05:44:32', '2016-07-04 05:44:32'),
(34, 'Uttarakhand (UK)', 0, 0, '2016-07-04 05:44:32', '2016-07-04 05:44:32'),
(35, 'West Bengal (WB)', 0, 0, '2016-07-04 05:44:32', '2016-07-04 05:44:32');

-- --------------------------------------------------------

--
-- Table structure for table `students`
--

CREATE TABLE IF NOT EXISTS `students` (
  `id` int(10) unsigned NOT NULL AUTO_INCREMENT,
  `entityId` int(12) NOT NULL,
  `schoolEntityId` int(12) NOT NULL,
  `sessionYear` varchar(255) COLLATE utf8_unicode_ci NOT NULL,
  `studentName` varchar(255) COLLATE utf8_unicode_ci NOT NULL,
  `fatherName` varchar(255) COLLATE utf8_unicode_ci NOT NULL,
  `dob` varchar(255) COLLATE utf8_unicode_ci NOT NULL,
  `classId` int(12) NOT NULL,
  `section` varchar(255) COLLATE utf8_unicode_ci NOT NULL,
  `pmo` int(2) NOT NULL DEFAULT '0',
  `pso` int(2) NOT NULL DEFAULT '0',
  `handicapped` int(12) NOT NULL,
  `rollNo` varchar(255) COLLATE utf8_unicode_ci NOT NULL,
  `deleted` int(2) NOT NULL DEFAULT '0',
  `status` int(2) NOT NULL DEFAULT '0',
  `created_at` timestamp NULL DEFAULT NULL,
  `updated_at` timestamp NULL DEFAULT NULL,
  PRIMARY KEY (`id`)
) ENGINE=InnoDB  DEFAULT CHARSET=utf8 COLLATE=utf8_unicode_ci AUTO_INCREMENT=8 ;

--
-- Dumping data for table `students`
--

INSERT INTO `students` (`id`, `entityId`, `schoolEntityId`, `sessionYear`, `studentName`, `fatherName`, `dob`, `classId`, `section`, `pmo`, `pso`, `handicapped`, `rollNo`, `deleted`, `status`, `created_at`, `updated_at`) VALUES
(1, 31, 33, '2016-2017', 'ramniwas', 'lalchand', '14/07/1995', 4, 'sd', 1, 1, 1, 'POFST1', 0, 0, '2016-07-16 05:51:58', '2016-07-16 05:51:58'),
(2, 32, 33, '2016-2017', 'Dinesh Kumawat', 'Godhuram kumawat', '12/01/1995', 2, 'A', 0, 0, 0, 'POFST2', 0, 0, '2016-07-17 22:26:19', '2016-07-17 22:26:19'),
(3, 33, 32, '2016-2017', 'Ramkumawat', 'lalchandkumawat', '14/07/1995', 4, '1', 0, 1, 0, 'POFST3', 0, 0, '2016-07-17 22:31:02', '2016-07-18 04:24:49'),
(4, 34, 32, '2016-2017', 'Rajesh Kumawat', 'dhskdhksa', '26/10/2015', 8, '2', 0, 1, 1, 'POFST4', 0, 0, '2016-07-18 01:18:03', '2016-07-18 04:03:30'),
(5, 35, 32, '2016-2017', 'Mahindra kumawat', 'Lalchand Kumawat', '15/06/1994', 6, 'A', 1, 1, 1, 'POFST5', 0, 0, '2016-07-18 02:38:11', '2016-07-18 02:38:11'),
(6, 36, 32, '2016-2017', 'Nand Kishore', 'Lalchand Kumawat', '27/06/2016', 4, '1', 0, 0, 1, 'POFST6', 0, 0, '2016-07-18 02:46:56', '2016-07-18 04:24:57'),
(7, 38, 37, '2016-2017', 'kittu', 'ramniwas', '14/07/1995', 7, '1', 1, 1, 0, 'POFST7', 0, 0, '2016-07-19 00:45:13', '2016-07-19 02:28:20');

-- --------------------------------------------------------

--
-- Table structure for table `student_counts`
--

CREATE TABLE IF NOT EXISTS `student_counts` (
  `id` int(10) unsigned NOT NULL AUTO_INCREMENT,
  `entityId` int(11) NOT NULL,
  `schoolId` int(11) NOT NULL,
  `classId` int(11) NOT NULL,
  `sessionYear` varchar(100) COLLATE utf8_unicode_ci NOT NULL,
  `noofstudentPMO` int(11) NOT NULL,
  `noofstudentPSO` int(11) NOT NULL,
  `handicapped` int(11) NOT NULL,
  `deleted` int(2) NOT NULL DEFAULT '0',
  `status` int(2) NOT NULL DEFAULT '0',
  `created_at` timestamp NULL DEFAULT NULL,
  `updated_at` timestamp NULL DEFAULT NULL,
  PRIMARY KEY (`id`)
) ENGINE=InnoDB  DEFAULT CHARSET=utf8 COLLATE=utf8_unicode_ci AUTO_INCREMENT=33 ;

--
-- Dumping data for table `student_counts`
--

INSERT INTO `student_counts` (`id`, `entityId`, `schoolId`, `classId`, `sessionYear`, `noofstudentPMO`, `noofstudentPSO`, `handicapped`, `deleted`, `status`, `created_at`, `updated_at`) VALUES
(1, 31, 1, 2, '2016-2017', 87, 87, 66, 0, 0, '2016-07-14 23:28:50', '2016-07-14 23:28:50'),
(2, 31, 1, 4, '2016-2017', 66, 66, 67, 0, 0, '2016-07-14 23:28:50', '2016-07-14 23:28:50'),
(3, 31, 1, 5, '2016-2017', 76, 76, 78, 0, 0, '2016-07-14 23:28:50', '2016-07-14 23:28:50'),
(4, 31, 1, 6, '2016-2017', 6, 766, 6, 0, 0, '2016-07-14 23:28:51', '2016-07-14 23:28:51'),
(5, 31, 1, 7, '2016-2017', 77, 87, 6, 0, 0, '2016-07-14 23:28:51', '2016-07-14 23:28:51'),
(6, 31, 1, 8, '2016-2017', 77, 7, 77, 0, 0, '2016-07-14 23:28:51', '2016-07-14 23:28:51'),
(7, 31, 1, 9, '2016-2017', 7, 77, 7, 0, 0, '2016-07-14 23:28:51', '2016-07-14 23:28:51'),
(8, 31, 1, 10, '2016-2017', 7, 7, 7, 0, 0, '2016-07-14 23:28:51', '2016-07-14 23:28:51'),
(9, 32, 2, 2, '2016-2017', 1, 2, 5, 0, 0, '2016-07-15 01:59:29', '2016-07-15 01:59:29'),
(10, 32, 2, 4, '2016-2017', 4, 5, 6, 0, 0, '2016-07-15 01:59:30', '2016-07-15 01:59:30'),
(11, 32, 2, 5, '2016-2017', 7, 8, 9, 0, 0, '2016-07-15 01:59:30', '2016-07-15 01:59:30'),
(12, 32, 2, 6, '2016-2017', 10, 11, 12, 0, 0, '2016-07-15 01:59:30', '2016-07-15 01:59:30'),
(13, 32, 2, 7, '2016-2017', 13, 14, 15, 0, 0, '2016-07-15 01:59:31', '2016-07-15 01:59:31'),
(14, 32, 2, 8, '2016-2017', 16, 17, 18, 0, 0, '2016-07-15 01:59:31', '2016-07-15 01:59:31'),
(15, 32, 2, 9, '2016-2017', 19, 20, 21, 0, 0, '2016-07-15 01:59:32', '2016-07-15 01:59:32'),
(16, 32, 2, 10, '2016-2017', 22, 23, 24, 0, 0, '2016-07-15 01:59:32', '2016-07-15 01:59:32'),
(17, 33, 3, 2, '2016-2017', 50, 30, 20, 0, 0, '2016-07-18 00:08:24', '2016-07-18 00:08:24'),
(18, 33, 3, 4, '2016-2017', 20, 30, 5, 0, 0, '2016-07-18 00:08:24', '2016-07-18 00:08:24'),
(19, 33, 3, 5, '2016-2017', 40, 30, 10, 0, 0, '2016-07-18 00:08:24', '2016-07-18 00:08:24'),
(20, 33, 3, 6, '2016-2017', 35, 45, 15, 0, 0, '2016-07-18 00:08:25', '2016-07-18 00:08:25'),
(21, 33, 3, 7, '2016-2017', 30, 45, 0, 0, 0, '2016-07-18 00:08:25', '2016-07-18 00:08:25'),
(22, 33, 3, 8, '2016-2017', 60, 50, 0, 0, 0, '2016-07-18 00:08:25', '2016-07-18 00:08:25'),
(23, 33, 3, 9, '2016-2017', 50, 60, 0, 0, 0, '2016-07-18 00:08:25', '2016-07-18 00:08:25'),
(24, 33, 3, 10, '2016-2017', 40, 45, 0, 0, 0, '2016-07-18 00:08:25', '2016-07-18 00:08:25'),
(25, 37, 4, 2, '2016-2017', 1, 2, 2, 0, 0, '2016-07-19 00:20:03', '2016-07-19 00:20:03'),
(26, 37, 4, 4, '2016-2017', 3, 3, 3, 0, 0, '2016-07-19 00:20:04', '2016-07-19 00:20:04'),
(27, 37, 4, 5, '2016-2017', 4, 4, 4, 0, 0, '2016-07-19 00:20:04', '2016-07-19 00:20:04'),
(28, 37, 4, 6, '2016-2017', 5, 3, 5, 0, 0, '2016-07-19 00:20:04', '2016-07-19 00:20:04'),
(29, 37, 4, 7, '2016-2017', 6, 6, 6, 0, 0, '2016-07-19 00:20:04', '2016-07-19 00:20:04'),
(30, 37, 4, 8, '2016-2017', 7, 7, 4, 0, 0, '2016-07-19 00:20:05', '2016-07-19 00:20:05'),
(31, 37, 4, 9, '2016-2017', 8, 8, 8, 0, 0, '2016-07-19 00:20:05', '2016-07-19 00:20:05'),
(32, 37, 4, 10, '2016-2017', 9, 9, 9, 0, 0, '2016-07-19 00:20:05', '2016-07-19 00:20:05');

-- --------------------------------------------------------

--
-- Table structure for table `teams`
--

CREATE TABLE IF NOT EXISTS `teams` (
  `teamId` int(12) NOT NULL AUTO_INCREMENT,
  `teamName` varchar(200) NOT NULL,
  `teamLocation` varchar(100) NOT NULL,
  `teamLeader` varchar(200) NOT NULL,
  `teamCreationDate` varchar(100) NOT NULL,
  `teamEndDate` varchar(100) NOT NULL,
  `teamCode` varchar(100) NOT NULL,
  `description` varchar(500) NOT NULL,
  `deleted` int(2) NOT NULL DEFAULT '0',
  `status` int(2) NOT NULL DEFAULT '0',
  `created_at` timestamp NOT NULL DEFAULT CURRENT_TIMESTAMP,
  `updated_at` timestamp NOT NULL DEFAULT CURRENT_TIMESTAMP,
  PRIMARY KEY (`teamId`)
) ENGINE=InnoDB  DEFAULT CHARSET=latin1 AUTO_INCREMENT=9 ;

--
-- Dumping data for table `teams`
--

INSERT INTO `teams` (`teamId`, `teamName`, `teamLocation`, `teamLeader`, `teamCreationDate`, `teamEndDate`, `teamCode`, `description`, `deleted`, `status`, `created_at`, `updated_at`) VALUES
(1, 'Jaipur Team', '1', '1', '05/07/2016', '26/06/2016', 'TEAM1', '', 0, 0, '2016-07-05 01:27:55', '2016-07-05 01:27:55'),
(2, 'Kota Team', '2', '2', '05/07/2016', '26/06/2016', 'TEAM2', '', 0, 0, '2016-07-05 01:28:23', '2016-07-05 01:28:23'),
(4, 'Jodhpur Team', '1', '16', '08/07/2016', '24/04/2016', 'TEAM4', '', 0, 0, '2016-07-07 22:49:02', '2016-07-07 22:53:15'),
(6, 'Rajasthan Team', '1', '2', '08/07/2016', '08/07/2016', 'TEAM6', '', 0, 0, '2016-07-08 00:11:24', '2016-07-08 00:11:24'),
(7, 'Punjab Team', '1', '5', '07/07/2016', '26/06/2016', 'TEAM7', '', 0, 0, '2016-07-08 00:17:42', '2016-07-08 00:19:16'),
(8, 'demo team', '3', '24', '08/07/2016', '16/07/2016', 'TEAM8', '', 0, 0, '2016-07-08 01:36:49', '2016-07-12 00:16:25');

-- --------------------------------------------------------

--
-- Table structure for table `users`
--

CREATE TABLE IF NOT EXISTS `users` (
  `id` int(10) unsigned NOT NULL AUTO_INCREMENT,
  `name` varchar(255) COLLATE utf8_unicode_ci NOT NULL,
  `username` varchar(255) COLLATE utf8_unicode_ci NOT NULL,
  `designationId` int(11) NOT NULL,
  `email` varchar(255) COLLATE utf8_unicode_ci NOT NULL,
  `password` varchar(255) COLLATE utf8_unicode_ci NOT NULL,
  `remember_token` varchar(100) COLLATE utf8_unicode_ci DEFAULT NULL,
  `role` varchar(100) COLLATE utf8_unicode_ci NOT NULL,
  `created_at` timestamp NULL DEFAULT NULL,
  `updated_at` timestamp NULL DEFAULT NULL,
  PRIMARY KEY (`id`)
) ENGINE=InnoDB  DEFAULT CHARSET=utf8 COLLATE=utf8_unicode_ci AUTO_INCREMENT=35 ;

--
-- Dumping data for table `users`
--

INSERT INTO `users` (`id`, `name`, `username`, `designationId`, `email`, `password`, `remember_token`, `role`, `created_at`, `updated_at`) VALUES
(1, 'ravi', 'ravikumar', 0, 'ravi@bel-technology.com', '$2y$10$Bpb2KVtQHnP5iTy23cOwkOjJexE/J7PNHjqW.qHT1.ihgl9CBNUey', 'bbb14QhDFVfXcMBoEJm6o7BTAf69KcIcjnKzwWWKvgjNMnBapjQvGrpctGV5', 'employee', '2016-06-29 02:02:32', '2016-07-12 07:21:26'),
(2, 'rakesh', 'rakesh', 0, 'ram@bel-technology.com', '$2y$10$SfAsSwMdLnxPLLaiU8C6MudHN9Els3Y223l4f0L7eX41/URFLAGee', NULL, 'employee', '2016-06-29 23:49:58', '2016-07-11 07:41:30'),
(3, 'Mahendra', 'Mahendra', 0, '', '$2y$10$0Ca/7PJeu6L7PfTEV4OTr.qlx.TqoY9h8Ea9z7O9kNGF5Dua7o/j2', NULL, '', '2016-07-05 05:34:57', '2016-07-05 05:40:27'),
(4, 'Ramniwas', 'Ramniwas', 0, '', '$2y$10$ViwWiGrboKwAxuIgaemNh.e6GL5tRDM8LeMBKYZh4KyEWuFKj/sw6', NULL, '', '2016-07-05 22:20:45', '2016-07-05 22:20:45'),
(6, 'Sakshi kumawat', 'Sakshi kumawat', 3, '', '$2y$10$smdgh7CGBUQJOzpabECy3uNsf2Gs3h/jS0PpSseNOnDfaqEvKVFI2', NULL, '', '2016-07-05 22:37:29', '2016-07-05 22:37:29'),
(8, 'Ramniwas', 'Ramniwas', 1, '', '$2y$10$g5Luiq29G1kCtSB7rhmtfOK4PeR9kWWGhQDb6Bp0hnVOj8A9gwNDS', NULL, '', '2016-07-06 00:05:11', '2016-07-06 00:05:11'),
(10, 'Surajmal kumawat', 'Surajmal kumawat', 1, '', '$2y$10$IZ0kdLpBrLFereKrg.NBn.3b9BYKtfBCgsZlhLImhgIlYLX9q1MzG', NULL, '', '2016-07-06 00:07:22', '2016-07-06 00:07:22'),
(11, 'Ramniwas', 'Ramniwas', 3, '', '$2y$10$vVhyFeGfyRMCqhHox5VxluqMTM0OKTbMgT2AM/zJcCVXbDbpDQOwi', NULL, '', '2016-07-06 05:00:04', '2016-07-06 05:33:05'),
(12, 'Ramniwas', 'Ramniwas', 3, '', '$2y$10$SKlaFzUhrK9c0zfZvIjo6u.jq2kps74kvqMKrWua1wjj/Q63EekSm', NULL, '', '2016-07-07 07:00:00', '2016-07-07 07:00:00'),
(14, 'Sitaram Kumawat', 'Sitaram Kumawat', 4, '', '$2y$10$tocTj/R4HIA4JHz4gBxNre4GqbwrdeEenlhE0naXEVJZWr4PowvUK', NULL, '', '2016-07-07 10:40:47', '2016-07-07 10:40:47'),
(16, 'Radha', 'Radha', 5, 'ravi@bel-technology.com', '$2y$10$YnETwLJZ8FFdxtCo8QN8D.fys9Ym/RGmDluwHCoHYQ78Da4YDCn.y', NULL, '', '2016-07-07 22:05:19', '2016-07-07 22:05:19'),
(17, 'Akshita', 'Akshita', 5, 'akshita@bel-technology.com', '$2y$10$Cfqc/ovT/zKaIp48.XGFwumbCGr45K1fmpbIW/cMWUDCOdLJFO4.q', NULL, 'employee', '2016-07-07 22:16:09', '2016-07-11 22:00:55'),
(18, 'Suresh kumawat', 'Suresh kumawat', 6, 'suresh@bel-technology.com', '$2y$10$gJogS3en6iRAznfBMmjx.OCYvxHBhaf5m/hgKIVMDcJAEEkPUUbUq', NULL, '', '2016-07-07 22:23:51', '2016-07-08 01:31:57'),
(19, 'ramkumawat', 'ramkumawat', 0, 'ramkumawatk45@gmail.com', '$2y$10$yw0gSD0m3hhMJf1j3RHaeuFsrgnAS.bY9D1VGvKUmK1W3M1g4hDeW', NULL, '', '2016-07-07 22:46:38', '2016-07-18 05:51:47'),
(20, 'kumawat ravi', 'kumawat ravi', 3, 'ravikumawat@bel-technology.com', '$2y$10$W5nI9DDxBP/26FBonT.Z7OF.I0L6av5JvVn5dpyc38X5hGXfch2NS', NULL, '', '2016-07-08 00:00:32', '2016-07-11 21:25:55'),
(21, 'demo', 'demo', 1, 'demo@demo.com', '$2y$10$OEjUbnylKKYDw48ZNQnW3.Gp6q5WR.tPTiw0E3VHkC8Yf4QfyRfZ.', '31Lvz83IemYO7urpdjbNgmIa43bmDHGSYSiZmTlSNBZceJBFOXQkG6cY0I6G', '', '2016-07-08 01:34:35', '2016-07-12 02:13:39'),
(22, 'admin', 'admin', 0, 'admin@pof.com', '$2y$10$7j47qqUtcnnd6A26Ke4qkux5Pb2e5s96aPdUz0o5pTUYThrtTGsPK', 'LAvdAUrouowuP6xzeEbpgfONo3QyhRwFklFos5lJKdYw33BXxsAdSotTwvmx', 'admin', '2016-07-11 05:51:52', '2016-07-19 00:40:15'),
(23, 'Abida', 'Abida', 3, 'abida@bel-technology.com', '$2y$10$LKGBwbOjJRVsAFKTE2zbCeXJSFBJbXC5MbTiiSfE4XzSAOO03PyAu', 'orq5eEOzIXCx2C2Vp23yh2XBanYcMMSP0X0lm6JrPjxm7IO1r6OGzOT8lkqE', '', '2016-07-12 06:11:21', '2016-07-12 07:22:41'),
(24, 'Trilok', 'Trilok', 3, 'trilok', '$2y$10$A8.zrMnm.tnwuK6/R.SG6et30n9juU4kml9NZ63R6IxOrGJekRvB.', NULL, '', '2016-07-12 06:13:15', '2016-07-12 06:13:15'),
(25, 'Suraj singh', 'Suraj singh', 3, 'surajs@bel-technology.com', '$2y$10$6RtmsR5s5k.4ThtEqibSrOYiYJeCaXsW6YwxxBs3WCbuB.mpiKBka', NULL, '', '2016-07-13 06:17:41', '2016-07-13 06:17:41'),
(26, 'Dinesh Kumawat', 'Dinesh Kumawat', 3, 'dinesh@bel-technology.com', '$2y$10$iqf7NRQLsEKGDIJVQ8SyauCjtJOFQY7yR8nhy8lCBDNoGCjS5Dimu', 'BY96ImoHYgYYIr1GitDfyxXHDt1NT4RVbL3M5gwWueHSZEavOLNQ8XZcQ5TX', '', '2016-07-13 07:13:30', '2016-07-15 21:15:08'),
(27, 'Geetanjali Sen.sec. school', 'Geetanjali Sen.sec. school', 0, 'gs@shools.com', '$2y$10$kjwZqPlYvql8q00ZYRaPtOAHe9ANOuxsF89n1d8i2M18TBGb/cyB6', NULL, '', '2016-07-13 23:06:00', '2016-07-13 23:06:00'),
(28, 'Geetanjali Sen.sec. school', 'Geetanjali Sen.sec. school', 0, 'abida@bel-technology.com', '$2y$10$eCAOtxI291Mwpc1YlBoWzO6N91d94fH.O2iOzoWOtaLMfuf7yt2bW', NULL, '', '2016-07-14 01:23:58', '2016-07-14 01:23:58'),
(29, 'Geetanjali Sen.sec. school', 'Geetanjali Sen.sec. school', 0, 'abida@bel-technology.com', '$2y$10$RQrepk6ZkXy/zBNTbiKwTOLOtXcV/Tq8MIpsO2PrkOaMyB/Eyem7K', NULL, '', '2016-07-14 01:24:35', '2016-07-14 01:24:35'),
(30, 'Geetanjali Sen.sec. school', 'Geetanjali Sen.sec. school', 0, 'gs@shools.com', '$2y$10$f2PTEQhoLGvfylSqmB.w9.7U5FhTE24XlWBRUl1ctpTVhmtDMXqpG', NULL, '', '2016-07-14 01:35:34', '2016-07-14 01:35:34'),
(31, 'Geetanjali Sen.sec. school', 'Geetanjali Sen.sec. school', 0, 'gs@shools.com', '$2y$10$LRb2OzMURpPiA6i.hmu3D.4I8RCpdYqU8UVyfJqUNOas18OAC61ey', NULL, '', '2016-07-14 23:28:49', '2016-07-14 23:28:49'),
(32, 'Geetanjali Sen.sec. school', 'Geetanjali Sen.sec. school', 0, 'trilok', '$2y$10$rUZ0nVDTypsf4i.U2my/WeGKsJ1sYvaoS.lNcTK3HLV7n9Ugu22di', NULL, '', '2016-07-15 01:59:29', '2016-07-15 01:59:29'),
(33, 'UPS jaipur', 'UPS jaipur', 0, 'demo@demotest.com', '$2y$10$gPWUGc1dE0.lYIoBZbXJnO8dqvxunReemo9iXBYUV1A4Vyc5wtIRC', NULL, '', '2016-07-18 00:08:23', '2016-07-18 00:08:23'),
(34, 'RPS School', 'RPS School', 0, 'demo@demotest.com', '$2y$10$Lui9aSoSA2ZNAxDpKzqcMuMSZr8FDgw0hExnFXmpNhnu9a.DUMSSi', NULL, '', '2016-07-19 00:20:03', '2016-07-19 00:20:03');

/*!40101 SET CHARACTER_SET_CLIENT=@OLD_CHARACTER_SET_CLIENT */;
/*!40101 SET CHARACTER_SET_RESULTS=@OLD_CHARACTER_SET_RESULTS */;
/*!40101 SET COLLATION_CONNECTION=@OLD_COLLATION_CONNECTION */;
