-- phpMyAdmin SQL Dump
-- version 4.1.14
-- http://www.phpmyadmin.net
--
-- Host: 127.0.0.1
-- Generation Time: Oct 10, 2016 at 08:06 AM
-- Server version: 5.6.17
-- PHP Version: 5.5.12

SET SQL_MODE = "NO_AUTO_VALUE_ON_ZERO";
SET time_zone = "+00:00";


/*!40101 SET @OLD_CHARACTER_SET_CLIENT=@@CHARACTER_SET_CLIENT */;
/*!40101 SET @OLD_CHARACTER_SET_RESULTS=@@CHARACTER_SET_RESULTS */;
/*!40101 SET @OLD_COLLATION_CONNECTION=@@COLLATION_CONNECTION */;
/*!40101 SET NAMES utf8 */;

--
-- Database: `testpof`
--

-- --------------------------------------------------------

--
-- Table structure for table `addresses`
--

CREATE TABLE IF NOT EXISTS `addresses` (
  `addressId` int(12) NOT NULL AUTO_INCREMENT,
  `entityId` int(12) NOT NULL,
  `stateId` int(12) NOT NULL,
  `districtId` int(12) NOT NULL,
  `cityId` int(12) NOT NULL,
  `addressLine1` varchar(200) NOT NULL,
  `addressLine2` varchar(200) NOT NULL,
  `pincode` varchar(10) NOT NULL,
  `deleted` int(2) NOT NULL DEFAULT '0',
  `status` int(2) NOT NULL DEFAULT '0',
  `updateCounter` int(12) NOT NULL DEFAULT '0',
  `created_at` timestamp NOT NULL DEFAULT CURRENT_TIMESTAMP,
  `updated_at` timestamp NOT NULL DEFAULT CURRENT_TIMESTAMP,
  `addressType` varchar(100) NOT NULL,
  `description` varchar(500) NOT NULL,
  PRIMARY KEY (`addressId`)
) ENGINE=InnoDB  DEFAULT CHARSET=latin1 AUTO_INCREMENT=57 ;

--
-- Dumping data for table `addresses`
--

INSERT INTO `addresses` (`addressId`, `entityId`, `stateId`, `districtId`, `cityId`, `addressLine1`, `addressLine2`, `pincode`, `deleted`, `status`, `updateCounter`, `created_at`, `updated_at`, `addressType`, `description`) VALUES
(42, 1, 12, 139, 18, 'dfgdfgfd       ', '', '534535', 0, 0, 1, '2016-07-27 05:02:02', '2016-07-27 05:02:02', '', ''),
(43, 2, 29, 485, 19, 'dfgdfgfd       ', '', '302012', 0, 0, 9, '2016-07-27 05:29:02', '2016-07-27 05:29:02', '', ''),
(44, 3, 29, 485, 19, 'fsdfs', '', '534535', 0, 0, 4, '2016-07-27 23:17:05', '2016-07-27 23:17:05', '', ''),
(45, 4, 29, 485, 19, 'address', '', '302012', 0, 0, 1, '2016-07-29 00:54:53', '2016-07-29 00:54:53', '', ''),
(46, 5, 29, 485, 19, 'test', '', '302012', 0, 0, 0, '2016-07-30 06:06:48', '2016-07-30 06:06:48', '', ''),
(47, 6, 29, 485, 19, '38 cosmo colony', '', '302012', 0, 0, 11, '2016-08-02 23:29:14', '2016-08-05 04:52:21', '', ''),
(48, 41, 28, 444, 0, 'pbs', '', '302012', 0, 0, 0, '2016-08-08 23:28:12', '2016-08-08 23:28:12', '', ''),
(49, 42, 28, 444, 20, 'dhfjhgsg', '', '565465654', 0, 0, 0, '2016-08-08 23:39:48', '2016-08-08 23:39:48', '', ''),
(50, 43, 29, 485, 19, 'sdfsfs', '', '302012', 0, 0, 2, '2016-08-10 03:44:03', '2016-08-11 03:44:25', '', ''),
(51, 44, 29, 485, 0, 'dsfsdfs', '', '302012', 1, 0, 0, '2016-08-10 03:45:40', '2016-08-10 03:45:40', '', ''),
(52, 45, 29, 485, 19, 'tets', '', '302012', 0, 0, 1, '2016-08-10 03:48:44', '2016-08-10 03:48:44', '', ''),
(53, 46, 29, 485, 19, 'dgdfgd', '', '302012', 0, 0, 2, '2016-08-10 04:56:06', '2016-08-10 04:56:06', '', ''),
(54, 48, 29, 485, 19, 'sfsfssfsd', '', '32222', 0, 0, 0, '2016-08-19 23:03:52', '2016-08-19 23:03:52', '', ''),
(55, 49, 29, 485, 19, 'address', '', '30212', 0, 0, 0, '2016-08-22 02:01:28', '2016-08-22 02:01:28', '', ''),
(56, 50, 29, 485, 19, 'add', '', '302012', 0, 0, 2, '2016-08-22 03:03:20', '2016-08-22 03:03:20', '', '');

-- --------------------------------------------------------

--
-- Table structure for table `answer_key`
--

CREATE TABLE IF NOT EXISTS `answer_key` (
  `answerKeyId` int(11) NOT NULL AUTO_INCREMENT,
  `questionId` int(11) NOT NULL,
  `answerId` int(11) NOT NULL,
  `classMapId` int(11) NOT NULL,
  `status` int(5) NOT NULL,
  `updateCounter` int(5) NOT NULL,
  `created_at` timestamp NOT NULL,
  `updated_at` timestamp NOT NULL,
  `deleted` int(5) NOT NULL DEFAULT '0',
  PRIMARY KEY (`answerKeyId`)
) ENGINE=InnoDB  DEFAULT CHARSET=latin1 AUTO_INCREMENT=41 ;

--
-- Dumping data for table `answer_key`
--

INSERT INTO `answer_key` (`answerKeyId`, `questionId`, `answerId`, `classMapId`, `status`, `updateCounter`, `created_at`, `updated_at`, `deleted`) VALUES
(16, 19, 1, 7, 0, 0, '2016-10-05 04:47:21', '2016-10-05 04:47:21', 0),
(17, 20, 2, 8, 0, 0, '2016-10-05 04:47:21', '2016-10-05 04:47:21', 0),
(18, 21, 4, 9, 0, 0, '2016-10-05 04:47:22', '2016-10-05 04:47:22', 0),
(19, 22, 1, 10, 0, 0, '2016-10-05 04:47:22', '2016-10-05 04:47:22', 0),
(20, 23, 4, 11, 0, 0, '2016-10-05 04:47:22', '2016-10-05 04:47:22', 0),
(21, 24, 4, 12, 0, 0, '2016-10-05 04:47:23', '2016-10-05 04:47:23', 0),
(22, 25, 1, 13, 0, 0, '2016-10-05 04:47:23', '2016-10-05 04:47:23', 0),
(23, 26, 2, 14, 0, 0, '2016-10-05 04:47:23', '2016-10-05 04:47:23', 0),
(24, 27, 1, 15, 0, 0, '2016-10-05 04:47:23', '2016-10-05 04:47:23', 0),
(25, 28, 2, 16, 0, 0, '2016-10-05 04:47:23', '2016-10-05 04:47:23', 0),
(26, 29, 4, 17, 0, 0, '2016-10-05 04:47:24', '2016-10-05 04:47:24', 0),
(27, 30, 2, 18, 0, 0, '2016-10-05 04:47:24', '2016-10-05 04:47:24', 0),
(28, 31, 4, 19, 0, 0, '2016-10-05 04:47:24', '2016-10-05 04:47:24', 0),
(29, 32, 4, 20, 0, 0, '2016-10-05 04:47:24', '2016-10-05 04:47:24', 0),
(30, 33, 1, 21, 0, 0, '2016-10-05 04:47:24', '2016-10-05 04:47:24', 0),
(31, 21, 2, 9, 0, 0, '2016-10-06 00:13:34', '2016-10-06 00:13:34', 0),
(32, 21, 1, 9, 0, 0, '2016-10-06 00:13:34', '2016-10-06 00:13:34', 0),
(33, 21, 1, 22, 0, 0, '2016-10-06 00:13:34', '2016-10-06 00:13:34', 0),
(34, 24, 4, 23, 0, 0, '2016-10-06 00:13:34', '2016-10-06 00:13:34', 0),
(35, 33, 1, 24, 0, 0, '2016-10-06 00:13:35', '2016-10-06 00:13:35', 0),
(36, 21, 2, 25, 0, 0, '2016-10-06 00:54:03', '2016-10-06 00:54:03', 0),
(37, 21, 4, 26, 0, 0, '2016-10-06 00:54:03', '2016-10-06 00:54:03', 0),
(38, 21, 3, 9, 0, 0, '2016-10-06 00:54:03', '2016-10-06 00:54:03', 0),
(39, 34, 4, 27, 0, 0, '2016-10-09 23:18:53', '2016-10-09 23:18:53', 0),
(40, 35, 2, 28, 0, 0, '2016-10-09 23:20:30', '2016-10-09 23:20:30', 0);

-- --------------------------------------------------------

--
-- Table structure for table `book_details`
--

CREATE TABLE IF NOT EXISTS `book_details` (
  `id` int(10) unsigned NOT NULL AUTO_INCREMENT,
  `entityId` int(11) NOT NULL,
  `classId` int(11) NOT NULL,
  `schoolId` int(11) NOT NULL,
  `sessionYear` varchar(255) COLLATE utf8_unicode_ci NOT NULL,
  `noofBookFirstVisitPMO` int(11) NOT NULL,
  `noofBookFirstVisitPSO` int(11) NOT NULL,
  `noofBookLastVisitPMO` int(11) NOT NULL,
  `noofBookLastVisitPSO` int(11) NOT NULL,
  `returnBook` int(11) NOT NULL,
  `other` int(11) NOT NULL,
  `total` int(11) NOT NULL,
  `deleted` int(2) NOT NULL DEFAULT '0',
  `status` int(2) NOT NULL DEFAULT '0',
  `updateCounter` int(12) NOT NULL DEFAULT '0',
  `created_at` timestamp NULL DEFAULT NULL,
  `updated_at` timestamp NULL DEFAULT NULL,
  PRIMARY KEY (`id`)
) ENGINE=InnoDB  DEFAULT CHARSET=utf8 COLLATE=utf8_unicode_ci AUTO_INCREMENT=41 ;

--
-- Dumping data for table `book_details`
--

INSERT INTO `book_details` (`id`, `entityId`, `classId`, `schoolId`, `sessionYear`, `noofBookFirstVisitPMO`, `noofBookFirstVisitPSO`, `noofBookLastVisitPMO`, `noofBookLastVisitPSO`, `returnBook`, `other`, `total`, `deleted`, `status`, `updateCounter`, `created_at`, `updated_at`) VALUES
(1, 3, 2, 1, '2016-2017', 0, 0, 0, 0, 0, 0, 0, 0, 0, 0, '2016-07-27 23:17:04', '2016-07-27 23:17:04'),
(2, 3, 4, 1, '2016-2017', 0, 0, 0, 0, 0, 0, 0, 0, 0, 0, '2016-07-27 23:17:05', '2016-07-27 23:17:05'),
(3, 3, 5, 1, '2016-2017', 0, 0, 0, 0, 0, 0, 0, 0, 0, 0, '2016-07-27 23:17:05', '2016-07-27 23:17:05'),
(4, 3, 6, 1, '2016-2017', 0, 0, 0, 0, 0, 0, 0, 0, 0, 0, '2016-07-27 23:17:05', '2016-07-27 23:17:05'),
(5, 3, 7, 1, '2016-2017', 0, 0, 0, 0, 0, 0, 0, 0, 0, 0, '2016-07-27 23:17:05', '2016-07-27 23:17:05'),
(6, 3, 8, 1, '2016-2017', 0, 0, 0, 0, 0, 0, 0, 0, 0, 0, '2016-07-27 23:17:05', '2016-07-27 23:17:05'),
(7, 3, 9, 1, '2016-2017', 0, 0, 0, 0, 0, 0, 0, 0, 0, 0, '2016-07-27 23:17:05', '2016-07-27 23:17:05'),
(8, 3, 10, 1, '2016-2017', 0, 0, 0, 0, 0, 0, 0, 0, 0, 0, '2016-07-27 23:17:05', '2016-07-27 23:17:05'),
(9, 5, 2, 2, '1', 0, 0, 0, 0, 0, 0, 0, 0, 0, 0, '2016-07-30 06:06:48', '2016-07-30 06:06:48'),
(10, 5, 4, 2, '1', 0, 0, 0, 0, 0, 0, 0, 0, 0, 0, '2016-07-30 06:06:48', '2016-07-30 06:06:48'),
(11, 5, 5, 2, '1', 0, 0, 0, 0, 0, 0, 0, 0, 0, 0, '2016-07-30 06:06:48', '2016-07-30 06:06:48'),
(12, 5, 6, 2, '1', 0, 0, 0, 0, 0, 0, 0, 0, 0, 0, '2016-07-30 06:06:48', '2016-07-30 06:06:48'),
(13, 5, 7, 2, '1', 0, 0, 0, 0, 0, 0, 0, 0, 0, 0, '2016-07-30 06:06:48', '2016-07-30 06:06:48'),
(14, 5, 8, 2, '1', 0, 0, 0, 0, 0, 0, 0, 0, 0, 0, '2016-07-30 06:06:48', '2016-07-30 06:06:48'),
(15, 5, 9, 2, '1', 0, 0, 0, 0, 0, 0, 0, 0, 0, 0, '2016-07-30 06:06:48', '2016-07-30 06:06:48'),
(16, 5, 10, 2, '1', 0, 0, 0, 0, 0, 0, 0, 0, 0, 0, '2016-07-30 06:06:48', '2016-07-30 06:06:48'),
(17, 6, 2, 3, '4', 0, 0, 0, 0, 0, 0, 0, 0, 0, 0, '2016-08-02 23:29:13', '2016-08-02 23:29:13'),
(18, 6, 4, 3, '4', 0, 0, 0, 0, 0, 0, 0, 0, 0, 0, '2016-08-02 23:29:13', '2016-08-02 23:29:13'),
(19, 6, 5, 3, '4', 0, 0, 0, 0, 0, 0, 0, 0, 0, 0, '2016-08-02 23:29:13', '2016-08-02 23:29:13'),
(20, 6, 6, 3, '4', 0, 0, 0, 0, 0, 0, 0, 0, 0, 0, '2016-08-02 23:29:13', '2016-08-02 23:29:13'),
(21, 6, 7, 3, '4', 0, 0, 0, 0, 0, 0, 0, 0, 0, 0, '2016-08-02 23:29:13', '2016-08-02 23:29:13'),
(22, 6, 8, 3, '4', 0, 0, 0, 0, 0, 0, 0, 0, 0, 0, '2016-08-02 23:29:13', '2016-08-02 23:29:13'),
(23, 6, 9, 3, '4', 0, 0, 0, 0, 0, 0, 0, 0, 0, 0, '2016-08-02 23:29:14', '2016-08-02 23:29:14'),
(24, 6, 10, 3, '4', 0, 0, 0, 0, 0, 0, 0, 0, 0, 0, '2016-08-02 23:29:14', '2016-08-02 23:29:14'),
(25, 42, 2, 4, '4', 0, 0, 0, 0, 0, 0, 0, 0, 0, 0, '2016-08-08 23:39:48', '2016-08-08 23:39:48'),
(26, 42, 4, 4, '4', 0, 0, 0, 0, 0, 0, 0, 0, 0, 0, '2016-08-08 23:39:48', '2016-08-08 23:39:48'),
(27, 42, 5, 4, '4', 0, 0, 0, 0, 0, 0, 0, 0, 0, 0, '2016-08-08 23:39:48', '2016-08-08 23:39:48'),
(28, 42, 6, 4, '4', 0, 0, 0, 0, 0, 0, 0, 0, 0, 0, '2016-08-08 23:39:48', '2016-08-08 23:39:48'),
(29, 42, 7, 4, '4', 0, 0, 0, 0, 0, 0, 0, 0, 0, 0, '2016-08-08 23:39:48', '2016-08-08 23:39:48'),
(30, 42, 8, 4, '4', 0, 0, 0, 0, 0, 0, 0, 0, 0, 0, '2016-08-08 23:39:48', '2016-08-08 23:39:48'),
(31, 42, 9, 4, '4', 0, 0, 0, 0, 0, 0, 0, 0, 0, 0, '2016-08-08 23:39:48', '2016-08-08 23:39:48'),
(32, 42, 10, 4, '4', 0, 0, 0, 0, 0, 0, 0, 0, 0, 0, '2016-08-08 23:39:48', '2016-08-08 23:39:48'),
(33, 46, 2, 5, '4', 0, 0, 0, 0, 0, 0, 0, 0, 0, 0, '2016-08-10 04:56:05', '2016-08-10 04:56:05'),
(34, 46, 4, 5, '4', 0, 0, 0, 0, 0, 0, 0, 0, 0, 0, '2016-08-10 04:56:05', '2016-08-10 04:56:05'),
(35, 46, 5, 5, '4', 0, 0, 0, 0, 0, 0, 0, 0, 0, 0, '2016-08-10 04:56:05', '2016-08-10 04:56:05'),
(36, 46, 6, 5, '4', 0, 0, 0, 0, 0, 0, 0, 0, 0, 0, '2016-08-10 04:56:05', '2016-08-10 04:56:05'),
(37, 46, 7, 5, '4', 0, 0, 0, 0, 0, 0, 0, 0, 0, 0, '2016-08-10 04:56:05', '2016-08-10 04:56:05'),
(38, 46, 8, 5, '4', 0, 0, 0, 0, 0, 0, 0, 0, 0, 0, '2016-08-10 04:56:05', '2016-08-10 04:56:05'),
(39, 46, 9, 5, '4', 0, 0, 0, 0, 0, 0, 0, 0, 0, 0, '2016-08-10 04:56:05', '2016-08-10 04:56:05'),
(40, 46, 10, 5, '4', 0, 0, 0, 0, 0, 0, 0, 0, 0, 0, '2016-08-10 04:56:06', '2016-08-10 04:56:06');

-- --------------------------------------------------------

--
-- Table structure for table `citys`
--

CREATE TABLE IF NOT EXISTS `citys` (
  `id` int(10) unsigned NOT NULL AUTO_INCREMENT,
  `state_id` int(11) NOT NULL,
  `district_id` int(11) NOT NULL,
  `cityName` varchar(255) NOT NULL,
  `deleted` int(2) NOT NULL DEFAULT '0',
  `status` int(2) NOT NULL DEFAULT '0',
  `updateCounter` int(12) NOT NULL DEFAULT '0',
  `created_at` timestamp NOT NULL DEFAULT CURRENT_TIMESTAMP,
  `updated_at` timestamp NOT NULL DEFAULT CURRENT_TIMESTAMP,
  PRIMARY KEY (`id`)
) ENGINE=InnoDB  DEFAULT CHARSET=latin1 AUTO_INCREMENT=21 ;

--
-- Dumping data for table `citys`
--

INSERT INTO `citys` (`id`, `state_id`, `district_id`, `cityName`, `deleted`, `status`, `updateCounter`, `created_at`, `updated_at`) VALUES
(17, 12, 139, 'rajasthan', 1, 0, 0, '2016-07-27 04:59:33', '2016-07-27 04:59:33'),
(18, 12, 139, 'jaipur', 0, 0, 0, '2016-07-27 04:59:41', '2016-07-27 04:59:41'),
(19, 29, 485, 'jhotwara', 0, 0, 0, '2016-07-27 05:14:36', '2016-07-27 05:14:36'),
(20, 28, 444, 'rewari', 0, 0, 0, '2016-08-08 23:25:43', '2016-08-08 23:25:43');

-- --------------------------------------------------------

--
-- Table structure for table `class_names`
--

CREATE TABLE IF NOT EXISTS `class_names` (
  `id` int(10) unsigned NOT NULL AUTO_INCREMENT,
  `name` varchar(255) COLLATE utf8_unicode_ci NOT NULL,
  `deleted` int(2) NOT NULL,
  `status` int(2) NOT NULL,
  `updateCounter` int(12) NOT NULL DEFAULT '0',
  `created_at` timestamp NULL DEFAULT NULL,
  `updated_at` timestamp NULL DEFAULT NULL,
  PRIMARY KEY (`id`)
) ENGINE=InnoDB  DEFAULT CHARSET=utf8 COLLATE=utf8_unicode_ci AUTO_INCREMENT=12 ;

--
-- Dumping data for table `class_names`
--

INSERT INTO `class_names` (`id`, `name`, `deleted`, `status`, `updateCounter`, `created_at`, `updated_at`) VALUES
(1, '1', 1, 0, 0, '2016-07-07 04:57:21', '2016-07-07 04:57:21'),
(2, '3', 0, 0, 2, '2016-07-07 04:57:29', '2016-07-14 04:31:20'),
(3, '3', 1, 0, 0, '2016-07-07 04:58:14', '2016-07-07 04:58:14'),
(4, '4', 0, 0, 0, '2016-07-07 04:59:37', '2016-07-14 04:31:29'),
(5, '5', 0, 0, 0, '2016-07-07 04:59:52', '2016-07-14 04:31:38'),
(6, '6', 0, 0, 0, '2016-07-07 16:23:08', '2016-07-14 04:31:46'),
(7, '7', 0, 0, 0, '2016-07-07 19:00:33', '2016-07-14 04:31:55'),
(8, '8', 0, 0, 0, '2016-07-07 20:09:04', '2016-07-14 04:32:06'),
(9, '9', 0, 0, 0, '2016-07-13 18:22:02', '2016-07-14 04:32:16'),
(10, '10', 0, 0, 2, '2016-07-13 18:22:12', '2016-07-26 03:18:30'),
(11, '11', 1, 0, 0, '2016-07-22 02:46:51', '2016-07-22 02:46:51');

-- --------------------------------------------------------

--
-- Table structure for table `class_sections`
--

CREATE TABLE IF NOT EXISTS `class_sections` (
  `id` int(10) unsigned NOT NULL AUTO_INCREMENT,
  `name` varchar(255) COLLATE utf8_unicode_ci NOT NULL,
  `deleted` int(2) NOT NULL,
  `status` int(2) NOT NULL,
  `updateCounter` int(12) NOT NULL DEFAULT '0',
  `created_at` timestamp NULL DEFAULT NULL,
  `updated_at` timestamp NULL DEFAULT NULL,
  PRIMARY KEY (`id`)
) ENGINE=InnoDB  DEFAULT CHARSET=utf8 COLLATE=utf8_unicode_ci AUTO_INCREMENT=3 ;

--
-- Dumping data for table `class_sections`
--

INSERT INTO `class_sections` (`id`, `name`, `deleted`, `status`, `updateCounter`, `created_at`, `updated_at`) VALUES
(1, 'Class A Section', 0, 0, 3, '2016-07-29 23:51:12', '2016-07-30 00:04:37'),
(2, 'Class B Section', 0, 0, 0, '2016-07-29 23:54:53', '2016-07-29 23:54:53');

-- --------------------------------------------------------

--
-- Table structure for table `designations`
--

CREATE TABLE IF NOT EXISTS `designations` (
  `id` int(10) unsigned NOT NULL AUTO_INCREMENT,
  `designation` varchar(255) COLLATE utf8_unicode_ci NOT NULL,
  `deleted` int(11) NOT NULL,
  `status` int(11) NOT NULL,
  `updateCounter` int(12) NOT NULL DEFAULT '0',
  `created_at` timestamp NULL DEFAULT NULL,
  `updated_at` timestamp NULL DEFAULT NULL,
  PRIMARY KEY (`id`)
) ENGINE=InnoDB  DEFAULT CHARSET=utf8 COLLATE=utf8_unicode_ci AUTO_INCREMENT=11 ;

--
-- Dumping data for table `designations`
--

INSERT INTO `designations` (`id`, `designation`, `deleted`, `status`, `updateCounter`, `created_at`, `updated_at`) VALUES
(8, 'Data opreator', 0, 0, 23, '2016-07-27 05:01:03', '2016-07-28 01:16:34'),
(9, 'superAdmin', 0, 0, 6, '2016-07-27 05:09:09', '2016-07-27 05:09:09'),
(10, 'Marketing', 0, 0, 14, '2016-08-22 07:13:51', '2016-08-22 07:13:51');

-- --------------------------------------------------------

--
-- Table structure for table `districts`
--

CREATE TABLE IF NOT EXISTS `districts` (
  `id` int(8) NOT NULL AUTO_INCREMENT,
  `state_id` int(8) DEFAULT NULL,
  `name` varchar(100) DEFAULT NULL,
  `deleted` int(2) NOT NULL,
  `status` int(2) NOT NULL,
  `updateCounter` int(12) NOT NULL DEFAULT '0',
  `created_at` timestamp NOT NULL DEFAULT CURRENT_TIMESTAMP,
  `updated_at` timestamp NOT NULL DEFAULT CURRENT_TIMESTAMP,
  PRIMARY KEY (`id`)
) ENGINE=InnoDB  DEFAULT CHARSET=utf8 AUTO_INCREMENT=646 ;

--
-- Dumping data for table `districts`
--

INSERT INTO `districts` (`id`, `state_id`, `name`, `deleted`, `status`, `updateCounter`, `created_at`, `updated_at`) VALUES
(1, 2, 'North Andaman', 0, 0, 0, '2016-07-04 05:50:40', '2016-07-08 04:57:48'),
(2, 4, 'South Andaman', 0, 0, 0, '2016-07-04 05:50:40', '2016-07-07 05:28:32'),
(3, 1, 'Nicobar', 0, 0, 0, '2016-07-04 05:50:40', '2016-07-04 05:50:40'),
(4, 17, 'Adilabad', 0, 0, 0, '2016-07-04 05:50:40', '2016-07-07 05:27:55'),
(5, 2, 'Anantapur', 0, 0, 0, '2016-07-04 05:50:40', '2016-07-04 05:50:40'),
(6, 2, 'Chittoor', 0, 0, 0, '2016-07-04 05:50:40', '2016-07-04 05:50:40'),
(7, 2, 'East Godavari', 0, 0, 0, '2016-07-04 05:50:40', '2016-07-04 05:50:40'),
(8, 2, 'Guntur', 0, 0, 0, '2016-07-04 05:50:40', '2016-07-04 05:50:40'),
(9, 2, 'Hyderabad', 0, 0, 0, '2016-07-04 05:50:40', '2016-07-04 05:50:40'),
(10, 2, 'Karimnagar', 0, 0, 0, '2016-07-04 05:50:40', '2016-07-04 05:50:40'),
(11, 2, 'Khammam', 0, 0, 0, '2016-07-04 05:50:40', '2016-07-04 05:50:40'),
(12, 2, 'Krishna', 0, 0, 0, '2016-07-04 05:50:40', '2016-07-04 05:50:40'),
(13, 2, 'Kurnool', 0, 0, 0, '2016-07-04 05:50:40', '2016-07-04 05:50:40'),
(14, 2, 'Mahbubnagar', 0, 0, 0, '2016-07-04 05:50:40', '2016-07-04 05:50:40'),
(15, 2, 'Medak', 0, 0, 0, '2016-07-04 05:50:40', '2016-07-04 05:50:40'),
(17, 2, 'Nizamabad', 0, 0, 0, '2016-07-04 05:50:40', '2016-07-04 05:50:40'),
(18, 2, 'Prakasam', 0, 0, 0, '2016-07-04 05:50:40', '2016-07-04 05:50:40'),
(19, 2, 'Ranga Reddy', 0, 0, 0, '2016-07-04 05:50:40', '2016-07-04 05:50:40'),
(20, 2, 'Srikakulam', 0, 0, 0, '2016-07-04 05:50:40', '2016-07-04 05:50:40'),
(21, 2, 'Sri Potti Sri Ramulu Nellore', 0, 0, 0, '2016-07-04 05:50:40', '2016-07-04 05:50:40'),
(22, 2, 'Vishakhapatnam', 0, 0, 0, '2016-07-04 05:50:40', '2016-07-04 05:50:40'),
(23, 2, 'Vizianagaram', 0, 0, 0, '2016-07-04 05:50:40', '2016-07-04 05:50:40'),
(24, 2, 'Warangal', 0, 0, 0, '2016-07-04 05:50:40', '2016-07-04 05:50:40'),
(25, 2, 'West Godavari', 0, 0, 0, '2016-07-04 05:50:40', '2016-07-04 05:50:40'),
(26, 2, 'Cudappah', 0, 0, 0, '2016-07-04 05:50:40', '2016-07-04 05:50:40'),
(27, 3, 'Anjaw', 0, 0, 0, '2016-07-04 05:50:40', '2016-07-04 05:50:40'),
(28, 3, 'Changlang', 0, 0, 0, '2016-07-04 05:50:40', '2016-07-04 05:50:40'),
(29, 3, 'East Siang', 0, 0, 0, '2016-07-04 05:50:40', '2016-07-04 05:50:40'),
(30, 3, 'East Kameng', 0, 0, 0, '2016-07-04 05:50:40', '2016-07-04 05:50:40'),
(31, 3, 'Kurung Kumey', 0, 0, 0, '2016-07-04 05:50:40', '2016-07-04 05:50:40'),
(32, 3, 'Lohit', 0, 0, 0, '2016-07-04 05:50:40', '2016-07-04 05:50:40'),
(33, 3, 'Lower Dibang Valley', 0, 0, 0, '2016-07-04 05:50:40', '2016-07-04 05:50:40'),
(34, 3, 'Lower Subansiri', 0, 0, 0, '2016-07-04 05:50:40', '2016-07-04 05:50:40'),
(35, 3, 'Papum Pare', 0, 0, 0, '2016-07-04 05:50:40', '2016-07-04 05:50:40'),
(36, 3, 'Tawang', 0, 0, 0, '2016-07-04 05:50:40', '2016-07-04 05:50:40'),
(37, 3, 'Tirap', 0, 0, 0, '2016-07-04 05:50:40', '2016-07-04 05:50:40'),
(38, 3, 'Dibang Valley', 0, 0, 0, '2016-07-04 05:50:40', '2016-07-04 05:50:40'),
(39, 3, 'Upper Siang', 0, 0, 0, '2016-07-04 05:50:40', '2016-07-04 05:50:40'),
(40, 3, 'Upper Subansiri', 0, 0, 0, '2016-07-04 05:50:40', '2016-07-04 05:50:40'),
(41, 3, 'West Kameng', 0, 0, 0, '2016-07-04 05:50:40', '2016-07-04 05:50:40'),
(42, 3, 'West Siang', 0, 0, 0, '2016-07-04 05:50:40', '2016-07-04 05:50:40'),
(43, 4, 'Baksa', 0, 0, 0, '2016-07-04 05:50:40', '2016-07-04 05:50:40'),
(44, 4, 'Barpeta', 0, 0, 0, '2016-07-04 05:50:40', '2016-07-04 05:50:40'),
(45, 4, 'Bongaigaon', 0, 0, 0, '2016-07-04 05:50:40', '2016-07-04 05:50:40'),
(46, 4, 'Cachar', 0, 0, 0, '2016-07-04 05:50:40', '2016-07-04 05:50:40'),
(47, 4, 'Chirang', 0, 0, 0, '2016-07-04 05:50:40', '2016-07-04 05:50:40'),
(48, 4, 'Darrang', 0, 0, 0, '2016-07-04 05:50:40', '2016-07-04 05:50:40'),
(49, 4, 'Dhemaji', 0, 0, 0, '2016-07-04 05:50:40', '2016-07-04 05:50:40'),
(50, 4, 'Dima Hasao', 0, 0, 0, '2016-07-04 05:50:40', '2016-07-04 05:50:40'),
(51, 4, 'Dhubri', 0, 0, 0, '2016-07-04 05:50:40', '2016-07-04 05:50:40'),
(52, 4, 'Dibrugarh', 0, 0, 0, '2016-07-04 05:50:40', '2016-07-04 05:50:40'),
(53, 4, 'Goalpara', 0, 0, 0, '2016-07-04 05:50:40', '2016-07-04 05:50:40'),
(54, 4, 'Golaghat', 0, 0, 0, '2016-07-04 05:50:40', '2016-07-04 05:50:40'),
(55, 4, 'Hailakandi', 0, 0, 0, '2016-07-04 05:50:40', '2016-07-04 05:50:40'),
(56, 4, 'Jorhat', 0, 0, 0, '2016-07-04 05:50:40', '2016-07-04 05:50:40'),
(57, 4, 'Kamrup', 0, 0, 0, '2016-07-04 05:50:40', '2016-07-04 05:50:40'),
(58, 4, 'Kamrup Metropolitan', 0, 0, 0, '2016-07-04 05:50:40', '2016-07-04 05:50:40'),
(59, 4, 'Karbi Anglong', 0, 0, 0, '2016-07-04 05:50:40', '2016-07-04 05:50:40'),
(60, 4, 'Karimganj', 0, 0, 0, '2016-07-04 05:50:40', '2016-07-04 05:50:40'),
(61, 4, 'Kokrajhar', 0, 0, 0, '2016-07-04 05:50:40', '2016-07-04 05:50:40'),
(62, 4, 'Lakhimpur', 0, 0, 0, '2016-07-04 05:50:40', '2016-07-04 05:50:40'),
(63, 4, 'Morigaon', 0, 0, 0, '2016-07-04 05:50:40', '2016-07-04 05:50:40'),
(64, 4, 'Nagaon', 0, 0, 0, '2016-07-04 05:50:40', '2016-07-04 05:50:40'),
(65, 4, 'Nalbari', 0, 0, 0, '2016-07-04 05:50:40', '2016-07-04 05:50:40'),
(66, 4, 'Sivasagar', 0, 0, 0, '2016-07-04 05:50:40', '2016-07-04 05:50:40'),
(67, 4, 'Sonitpur', 0, 0, 0, '2016-07-04 05:50:40', '2016-07-04 05:50:40'),
(68, 4, 'Tinsukia', 0, 0, 0, '2016-07-04 05:50:40', '2016-07-04 05:50:40'),
(69, 4, 'Udalguri', 0, 0, 0, '2016-07-04 05:50:40', '2016-07-04 05:50:40'),
(70, 5, 'Araria', 0, 0, 0, '2016-07-04 05:50:40', '2016-07-04 05:50:40'),
(71, 5, 'Arwal', 0, 0, 0, '2016-07-04 05:50:40', '2016-07-04 05:50:40'),
(72, 5, 'Aurangabad', 0, 0, 0, '2016-07-04 05:50:40', '2016-07-04 05:50:40'),
(73, 5, 'Banka', 0, 0, 0, '2016-07-04 05:50:40', '2016-07-04 05:50:40'),
(74, 5, 'Begusarai', 0, 0, 0, '2016-07-04 05:50:40', '2016-07-04 05:50:40'),
(75, 5, 'Bhagalpur', 0, 0, 0, '2016-07-04 05:50:40', '2016-07-04 05:50:40'),
(76, 5, 'Bhojpur', 0, 0, 0, '2016-07-04 05:50:40', '2016-07-04 05:50:40'),
(77, 5, 'Buxar', 0, 0, 0, '2016-07-04 05:50:40', '2016-07-04 05:50:40'),
(78, 5, 'Darbhanga', 0, 0, 0, '2016-07-04 05:50:40', '2016-07-04 05:50:40'),
(79, 5, 'East Champaran', 0, 0, 0, '2016-07-04 05:50:40', '2016-07-04 05:50:40'),
(80, 5, 'Gaya', 0, 0, 0, '2016-07-04 05:50:40', '2016-07-04 05:50:40'),
(81, 5, 'Gopalganj', 0, 0, 0, '2016-07-04 05:50:40', '2016-07-04 05:50:40'),
(82, 5, 'Jamui', 0, 0, 0, '2016-07-04 05:50:40', '2016-07-04 05:50:40'),
(83, 5, 'Jehanabad', 0, 0, 0, '2016-07-04 05:50:40', '2016-07-04 05:50:40'),
(84, 5, 'Kaimur', 0, 0, 0, '2016-07-04 05:50:40', '2016-07-04 05:50:40'),
(85, 5, 'Katihar', 0, 0, 0, '2016-07-04 05:50:40', '2016-07-04 05:50:40'),
(86, 5, 'Khagaria', 0, 0, 0, '2016-07-04 05:50:40', '2016-07-04 05:50:40'),
(87, 5, 'Kishanganj', 0, 0, 0, '2016-07-04 05:50:40', '2016-07-04 05:50:40'),
(88, 5, 'Lakhisarai', 0, 0, 0, '2016-07-04 05:50:40', '2016-07-04 05:50:40'),
(89, 5, 'Madhepura', 0, 0, 0, '2016-07-04 05:50:40', '2016-07-04 05:50:40'),
(90, 5, 'Madhubani', 0, 0, 0, '2016-07-04 05:50:40', '2016-07-04 05:50:40'),
(91, 5, 'Munger', 0, 0, 0, '2016-07-04 05:50:40', '2016-07-04 05:50:40'),
(92, 5, 'Muzaffarpur', 0, 0, 0, '2016-07-04 05:50:40', '2016-07-04 05:50:40'),
(93, 5, 'Nalanda', 0, 0, 0, '2016-07-04 05:50:40', '2016-07-04 05:50:40'),
(94, 5, 'Nawada', 0, 0, 0, '2016-07-04 05:50:40', '2016-07-04 05:50:40'),
(95, 5, 'Patna', 0, 0, 0, '2016-07-04 05:50:40', '2016-07-04 05:50:40'),
(96, 5, 'Purnia', 0, 0, 0, '2016-07-04 05:50:40', '2016-07-04 05:50:40'),
(97, 5, 'Rohtas', 0, 0, 0, '2016-07-04 05:50:40', '2016-07-04 05:50:40'),
(98, 5, 'Saharsa', 0, 0, 0, '2016-07-04 05:50:40', '2016-07-04 05:50:40'),
(99, 5, 'Samastipur', 0, 0, 0, '2016-07-04 05:50:40', '2016-07-04 05:50:40'),
(100, 5, 'Saran', 0, 0, 0, '2016-07-04 05:50:40', '2016-07-04 05:50:40'),
(101, 5, 'Sheikhpura', 0, 0, 0, '2016-07-04 05:50:40', '2016-07-04 05:50:40'),
(102, 5, 'Sheohar', 0, 0, 0, '2016-07-04 05:50:40', '2016-07-04 05:50:40'),
(103, 5, 'Sitamarhi', 0, 0, 0, '2016-07-04 05:50:40', '2016-07-04 05:50:40'),
(104, 5, 'Siwan', 0, 0, 0, '2016-07-04 05:50:40', '2016-07-04 05:50:40'),
(105, 5, 'Supaul', 0, 0, 0, '2016-07-04 05:50:40', '2016-07-04 05:50:40'),
(106, 6, 'Chandigarh', 0, 0, 0, '2016-07-04 05:50:40', '2016-07-04 05:50:40'),
(107, 7, 'Bastar', 0, 0, 0, '2016-07-04 05:50:40', '2016-07-04 05:50:40'),
(108, 7, 'Bijapur', 0, 0, 0, '2016-07-04 05:50:40', '2016-07-04 05:50:40'),
(109, 7, 'Bilaspur', 0, 0, 0, '2016-07-04 05:50:40', '2016-07-04 05:50:40'),
(110, 7, 'Dantewada', 0, 0, 0, '2016-07-04 05:50:40', '2016-07-04 05:50:40'),
(111, 7, 'Dhamtari', 0, 0, 0, '2016-07-04 05:50:40', '2016-07-04 05:50:40'),
(112, 7, 'Durg', 0, 0, 0, '2016-07-04 05:50:40', '2016-07-04 05:50:40'),
(113, 7, 'Jashpur', 0, 0, 0, '2016-07-04 05:50:40', '2016-07-04 05:50:40'),
(114, 7, 'Janjgir-Champa', 0, 0, 0, '2016-07-04 05:50:40', '2016-07-04 05:50:40'),
(115, 7, 'Korba', 0, 0, 0, '2016-07-04 05:50:40', '2016-07-04 05:50:40'),
(116, 7, 'Koriya', 0, 0, 0, '2016-07-04 05:50:40', '2016-07-04 05:50:40'),
(117, 7, 'Kanker', 0, 0, 0, '2016-07-04 05:50:40', '2016-07-04 05:50:40'),
(118, 7, 'Kabirdham (formerly Kawardha)', 0, 0, 0, '2016-07-04 05:50:40', '2016-07-04 05:50:40'),
(119, 7, 'Mahasamund', 0, 0, 0, '2016-07-04 05:50:40', '2016-07-04 05:50:40'),
(120, 7, 'Narayanpur', 0, 0, 0, '2016-07-04 05:50:40', '2016-07-04 05:50:40'),
(121, 7, 'Raigarh', 0, 0, 0, '2016-07-04 05:50:40', '2016-07-04 05:50:40'),
(122, 7, 'Rajnandgaon', 0, 0, 0, '2016-07-04 05:50:40', '2016-07-04 05:50:40'),
(123, 7, 'Raipur', 0, 0, 0, '2016-07-04 05:50:40', '2016-07-04 05:50:40'),
(124, 7, 'Surguja', 0, 0, 0, '2016-07-04 05:50:40', '2016-07-04 05:50:40'),
(125, 8, 'Dadra and Nagar Haveli', 0, 0, 0, '2016-07-04 05:50:40', '2016-07-04 05:50:40'),
(126, 9, 'Daman', 0, 0, 0, '2016-07-04 05:50:40', '2016-07-04 05:50:40'),
(127, 9, 'Diu', 0, 0, 0, '2016-07-04 05:50:40', '2016-07-04 05:50:40'),
(128, 10, 'Central Delhi', 0, 0, 0, '2016-07-04 05:50:40', '2016-07-04 05:50:40'),
(129, 10, 'East Delhi', 0, 0, 0, '2016-07-04 05:50:40', '2016-07-04 05:50:40'),
(130, 10, 'New Delhi', 0, 0, 0, '2016-07-04 05:50:40', '2016-07-04 05:50:40'),
(131, 10, 'North Delhi', 0, 0, 0, '2016-07-04 05:50:40', '2016-07-04 05:50:40'),
(132, 10, 'North East Delhi', 0, 0, 0, '2016-07-04 05:50:40', '2016-07-04 05:50:40'),
(133, 10, 'North West Delhi', 0, 0, 0, '2016-07-04 05:50:40', '2016-07-04 05:50:40'),
(134, 10, 'South Delhi', 0, 0, 0, '2016-07-04 05:50:40', '2016-07-04 05:50:40'),
(135, 10, 'South West Delhi', 0, 0, 0, '2016-07-04 05:50:40', '2016-07-04 05:50:40'),
(136, 10, 'West Delhi', 0, 0, 0, '2016-07-04 05:50:40', '2016-07-04 05:50:40'),
(137, 11, 'North Goa', 0, 0, 0, '2016-07-04 05:50:40', '2016-07-04 05:50:40'),
(138, 11, 'South Goa', 0, 0, 0, '2016-07-04 05:50:40', '2016-07-04 05:50:40'),
(139, 12, 'Ahmedabad', 0, 0, 0, '2016-07-04 05:50:40', '2016-07-04 05:50:40'),
(140, 12, 'Amreli district', 0, 0, 0, '2016-07-04 05:50:40', '2016-07-04 05:50:40'),
(141, 12, 'Anand', 0, 0, 0, '2016-07-04 05:50:40', '2016-07-04 05:50:40'),
(142, 12, 'Banaskantha', 0, 0, 0, '2016-07-04 05:50:40', '2016-07-04 05:50:40'),
(143, 12, 'Bharuch', 0, 0, 0, '2016-07-04 05:50:40', '2016-07-04 05:50:40'),
(144, 12, 'Bhavnagar', 0, 0, 0, '2016-07-04 05:50:40', '2016-07-04 05:50:40'),
(145, 12, 'Dahod', 0, 0, 0, '2016-07-04 05:50:40', '2016-07-04 05:50:40'),
(146, 12, 'The Dangs', 0, 0, 0, '2016-07-04 05:50:40', '2016-07-04 05:50:40'),
(147, 12, 'Gandhinagar', 0, 0, 0, '2016-07-04 05:50:40', '2016-07-04 05:50:40'),
(148, 12, 'Jamnagar', 0, 0, 0, '2016-07-04 05:50:40', '2016-07-04 05:50:40'),
(149, 12, 'Junagadh', 0, 0, 0, '2016-07-04 05:50:40', '2016-07-04 05:50:40'),
(150, 12, 'Kutch', 0, 0, 0, '2016-07-04 05:50:40', '2016-07-04 05:50:40'),
(151, 12, 'Kheda', 0, 0, 0, '2016-07-04 05:50:40', '2016-07-04 05:50:40'),
(152, 12, 'Mehsana', 0, 0, 0, '2016-07-04 05:50:40', '2016-07-04 05:50:40'),
(153, 12, 'Narmada', 0, 0, 0, '2016-07-04 05:50:40', '2016-07-04 05:50:40'),
(154, 12, 'Navsari', 0, 0, 0, '2016-07-04 05:50:40', '2016-07-04 05:50:40'),
(155, 12, 'Patan', 0, 0, 0, '2016-07-04 05:50:40', '2016-07-04 05:50:40'),
(156, 12, 'Panchmahal', 0, 0, 0, '2016-07-04 05:50:40', '2016-07-04 05:50:40'),
(157, 12, 'Porbandar', 0, 0, 0, '2016-07-04 05:50:40', '2016-07-04 05:50:40'),
(158, 12, 'Rajkot', 0, 0, 0, '2016-07-04 05:50:40', '2016-07-04 05:50:40'),
(159, 12, 'Sabarkantha', 0, 0, 0, '2016-07-04 05:50:40', '2016-07-04 05:50:40'),
(160, 12, 'Surendranagar', 0, 0, 0, '2016-07-04 05:50:40', '2016-07-04 05:50:40'),
(161, 12, 'Surat', 0, 0, 0, '2016-07-04 05:50:40', '2016-07-04 05:50:40'),
(162, 12, 'Tapi', 0, 0, 0, '2016-07-04 05:50:40', '2016-07-04 05:50:40'),
(163, 12, 'Vadodara', 0, 0, 0, '2016-07-04 05:50:40', '2016-07-04 05:50:40'),
(164, 12, 'Valsad', 0, 0, 0, '2016-07-04 05:50:40', '2016-07-04 05:50:40'),
(165, 13, 'Ambala', 0, 0, 0, '2016-07-04 05:50:40', '2016-07-04 05:50:40'),
(166, 13, 'Bhiwani', 0, 0, 0, '2016-07-04 05:50:40', '2016-07-04 05:50:40'),
(167, 13, 'Faridabad', 0, 0, 0, '2016-07-04 05:50:40', '2016-07-04 05:50:40'),
(168, 13, 'Fatehabad', 0, 0, 0, '2016-07-04 05:50:40', '2016-07-04 05:50:40'),
(169, 13, 'Gurgaon', 0, 0, 0, '2016-07-04 05:50:40', '2016-07-04 05:50:40'),
(170, 13, 'Hissar', 0, 0, 0, '2016-07-04 05:50:40', '2016-07-04 05:50:40'),
(171, 13, 'Jhajjar', 0, 0, 0, '2016-07-04 05:50:40', '2016-07-04 05:50:40'),
(172, 13, 'Jind', 0, 0, 0, '2016-07-04 05:50:40', '2016-07-04 05:50:40'),
(173, 13, 'Karnal', 0, 0, 0, '2016-07-04 05:50:40', '2016-07-04 05:50:40'),
(174, 13, 'Kaithal', 0, 0, 0, '2016-07-04 05:50:40', '2016-07-04 05:50:40'),
(175, 13, 'Kurukshetra', 0, 0, 0, '2016-07-04 05:50:40', '2016-07-04 05:50:40'),
(176, 13, 'Mahendragarh', 0, 0, 0, '2016-07-04 05:50:40', '2016-07-04 05:50:40'),
(177, 13, 'Mewat', 0, 0, 0, '2016-07-04 05:50:40', '2016-07-04 05:50:40'),
(178, 13, 'Palwal', 0, 0, 0, '2016-07-04 05:50:40', '2016-07-04 05:50:40'),
(179, 13, 'Panchkula', 0, 0, 0, '2016-07-04 05:50:40', '2016-07-04 05:50:40'),
(180, 13, 'Panipat', 0, 0, 0, '2016-07-04 05:50:40', '2016-07-04 05:50:40'),
(181, 13, 'Rewari', 0, 0, 0, '2016-07-04 05:50:40', '2016-07-04 05:50:40'),
(182, 13, 'Rohtak', 0, 0, 0, '2016-07-04 05:50:40', '2016-07-04 05:50:40'),
(183, 13, 'Sirsa', 0, 0, 0, '2016-07-04 05:50:40', '2016-07-04 05:50:40'),
(184, 13, 'Sonipat', 0, 0, 0, '2016-07-04 05:50:40', '2016-07-04 05:50:40'),
(185, 13, 'Yamuna Nagar', 0, 0, 0, '2016-07-04 05:50:40', '2016-07-04 05:50:40'),
(186, 14, 'Bilaspur', 0, 0, 0, '2016-07-04 05:50:40', '2016-07-04 05:50:40'),
(187, 14, 'Chamba', 0, 0, 0, '2016-07-04 05:50:40', '2016-07-04 05:50:40'),
(188, 14, 'Hamirpur', 0, 0, 0, '2016-07-04 05:50:40', '2016-07-04 05:50:40'),
(189, 14, 'Kangra', 0, 0, 0, '2016-07-04 05:50:40', '2016-07-04 05:50:40'),
(190, 14, 'Kinnaur', 0, 0, 0, '2016-07-04 05:50:40', '2016-07-04 05:50:40'),
(191, 14, 'Kullu', 0, 0, 0, '2016-07-04 05:50:40', '2016-07-04 05:50:40'),
(192, 14, 'Lahaul and Spiti', 0, 0, 0, '2016-07-04 05:50:40', '2016-07-04 05:50:40'),
(193, 14, 'Mandi', 0, 0, 0, '2016-07-04 05:50:40', '2016-07-04 05:50:40'),
(194, 14, 'Shimla', 0, 0, 0, '2016-07-04 05:50:40', '2016-07-04 05:50:40'),
(195, 14, 'Sirmaur', 0, 0, 0, '2016-07-04 05:50:40', '2016-07-04 05:50:40'),
(196, 14, 'Solan', 0, 0, 0, '2016-07-04 05:50:40', '2016-07-04 05:50:40'),
(197, 14, 'Una', 0, 0, 0, '2016-07-04 05:50:40', '2016-07-04 05:50:40'),
(198, 15, 'Anantnag', 0, 0, 0, '2016-07-04 05:50:40', '2016-07-04 05:50:40'),
(199, 15, 'Badgam', 0, 0, 0, '2016-07-04 05:50:40', '2016-07-04 05:50:40'),
(200, 15, 'Bandipora', 0, 0, 0, '2016-07-04 05:50:40', '2016-07-04 05:50:40'),
(201, 15, 'Baramulla', 0, 0, 0, '2016-07-04 05:50:40', '2016-07-04 05:50:40'),
(202, 15, 'Doda', 0, 0, 0, '2016-07-04 05:50:40', '2016-07-04 05:50:40'),
(203, 15, 'Ganderbal', 0, 0, 0, '2016-07-04 05:50:40', '2016-07-04 05:50:40'),
(204, 15, 'Jammu', 0, 0, 0, '2016-07-04 05:50:40', '2016-07-04 05:50:40'),
(205, 15, 'Kargil', 0, 0, 0, '2016-07-04 05:50:40', '2016-07-04 05:50:40'),
(206, 15, 'Kathua', 0, 0, 0, '2016-07-04 05:50:40', '2016-07-04 05:50:40'),
(207, 15, 'Kishtwar', 0, 0, 0, '2016-07-04 05:50:40', '2016-07-04 05:50:40'),
(208, 15, 'Kupwara', 0, 0, 0, '2016-07-04 05:50:40', '2016-07-04 05:50:40'),
(209, 15, 'Kulgam', 0, 0, 0, '2016-07-04 05:50:40', '2016-07-04 05:50:40'),
(210, 15, 'Leh', 0, 0, 0, '2016-07-04 05:50:40', '2016-07-04 05:50:40'),
(211, 15, 'Poonch', 0, 0, 0, '2016-07-04 05:50:40', '2016-07-04 05:50:40'),
(212, 15, 'Pulwama', 0, 0, 0, '2016-07-04 05:50:40', '2016-07-04 05:50:40'),
(213, 15, 'Rajouri', 0, 0, 0, '2016-07-04 05:50:40', '2016-07-04 05:50:40'),
(214, 15, 'Ramban', 0, 0, 0, '2016-07-04 05:50:40', '2016-07-04 05:50:40'),
(215, 15, 'Reasi', 0, 0, 0, '2016-07-04 05:50:40', '2016-07-04 05:50:40'),
(216, 15, 'Samba', 0, 0, 0, '2016-07-04 05:50:40', '2016-07-04 05:50:40'),
(217, 15, 'Shopian', 0, 0, 0, '2016-07-04 05:50:40', '2016-07-04 05:50:40'),
(218, 15, 'Srinagar', 0, 0, 0, '2016-07-04 05:50:40', '2016-07-04 05:50:40'),
(219, 15, 'Udhampur', 0, 0, 0, '2016-07-04 05:50:40', '2016-07-04 05:50:40'),
(220, 16, 'Bokaro', 0, 0, 0, '2016-07-04 05:50:40', '2016-07-04 05:50:40'),
(221, 16, 'Chatra', 0, 0, 0, '2016-07-04 05:50:40', '2016-07-04 05:50:40'),
(222, 16, 'Deoghar', 0, 0, 0, '2016-07-04 05:50:40', '2016-07-04 05:50:40'),
(223, 16, 'Dhanbad', 0, 0, 0, '2016-07-04 05:50:40', '2016-07-04 05:50:40'),
(224, 16, 'Dumka', 0, 0, 0, '2016-07-04 05:50:40', '2016-07-04 05:50:40'),
(225, 16, 'East Singhbhum', 0, 0, 0, '2016-07-04 05:50:40', '2016-07-04 05:50:40'),
(226, 16, 'Garhwa', 0, 0, 0, '2016-07-04 05:50:40', '2016-07-04 05:50:40'),
(227, 16, 'Giridih', 0, 0, 0, '2016-07-04 05:50:40', '2016-07-04 05:50:40'),
(228, 16, 'Godda', 0, 0, 0, '2016-07-04 05:50:40', '2016-07-04 05:50:40'),
(229, 16, 'Gumla', 0, 0, 0, '2016-07-04 05:50:40', '2016-07-04 05:50:40'),
(230, 16, 'Hazaribag', 0, 0, 0, '2016-07-04 05:50:40', '2016-07-04 05:50:40'),
(231, 16, 'Jamtara', 0, 0, 0, '2016-07-04 05:50:40', '2016-07-04 05:50:40'),
(232, 16, 'Khunti', 0, 0, 0, '2016-07-04 05:50:40', '2016-07-04 05:50:40'),
(233, 16, 'Koderma', 0, 0, 0, '2016-07-04 05:50:40', '2016-07-04 05:50:40'),
(234, 16, 'Latehar', 0, 0, 0, '2016-07-04 05:50:40', '2016-07-04 05:50:40'),
(235, 16, 'Lohardaga', 0, 0, 0, '2016-07-04 05:50:40', '2016-07-04 05:50:40'),
(236, 16, 'Pakur', 0, 0, 0, '2016-07-04 05:50:40', '2016-07-04 05:50:40'),
(237, 16, 'Palamu', 0, 0, 0, '2016-07-04 05:50:40', '2016-07-04 05:50:40'),
(238, 16, 'Ramgarh', 0, 0, 0, '2016-07-04 05:50:40', '2016-07-04 05:50:40'),
(239, 16, 'Ranchi', 0, 0, 0, '2016-07-04 05:50:40', '2016-07-04 05:50:40'),
(240, 16, 'Sahibganj', 0, 0, 0, '2016-07-04 05:50:40', '2016-07-04 05:50:40'),
(241, 16, 'Seraikela Kharsawan', 0, 0, 0, '2016-07-04 05:50:40', '2016-07-04 05:50:40'),
(242, 16, 'Simdega', 0, 0, 0, '2016-07-04 05:50:40', '2016-07-04 05:50:40'),
(243, 16, 'West Singhbhum', 0, 0, 0, '2016-07-04 05:50:40', '2016-07-04 05:50:40'),
(244, 17, 'Bagalkot', 0, 0, 0, '2016-07-04 05:50:40', '2016-07-04 05:50:40'),
(245, 17, 'Bangalore Rural', 0, 0, 0, '2016-07-04 05:50:40', '2016-07-04 05:50:40'),
(246, 17, 'Bangalore Urban', 0, 0, 0, '2016-07-04 05:50:40', '2016-07-04 05:50:40'),
(247, 17, 'Belgaum', 0, 0, 0, '2016-07-04 05:50:40', '2016-07-04 05:50:40'),
(248, 17, 'Bellary', 0, 0, 0, '2016-07-04 05:50:40', '2016-07-04 05:50:40'),
(249, 17, 'Bidar', 0, 0, 0, '2016-07-04 05:50:40', '2016-07-04 05:50:40'),
(250, 17, 'Bijapur', 0, 0, 0, '2016-07-04 05:50:40', '2016-07-04 05:50:40'),
(251, 17, 'Chamarajnagar', 0, 0, 0, '2016-07-04 05:50:40', '2016-07-04 05:50:40'),
(252, 17, 'Chikkamagaluru', 0, 0, 0, '2016-07-04 05:50:40', '2016-07-04 05:50:40'),
(253, 17, 'Chikkaballapur', 0, 0, 0, '2016-07-04 05:50:40', '2016-07-04 05:50:40'),
(254, 17, 'Chitradurga', 0, 0, 0, '2016-07-04 05:50:40', '2016-07-04 05:50:40'),
(255, 17, 'Davanagere', 0, 0, 0, '2016-07-04 05:50:40', '2016-07-04 05:50:40'),
(256, 17, 'Dharwad', 0, 0, 0, '2016-07-04 05:50:40', '2016-07-04 05:50:40'),
(257, 17, 'Dakshina Kannada', 0, 0, 0, '2016-07-04 05:50:40', '2016-07-04 05:50:40'),
(258, 17, 'Gadag', 0, 0, 0, '2016-07-04 05:50:40', '2016-07-04 05:50:40'),
(259, 17, 'Gulbarga', 0, 0, 0, '2016-07-04 05:50:40', '2016-07-04 05:50:40'),
(260, 17, 'Hassan', 0, 0, 0, '2016-07-04 05:50:40', '2016-07-04 05:50:40'),
(261, 17, 'Haveri district', 0, 0, 0, '2016-07-04 05:50:40', '2016-07-04 05:50:40'),
(262, 17, 'Kodagu', 0, 0, 0, '2016-07-04 05:50:40', '2016-07-04 05:50:40'),
(263, 17, 'Kolar', 0, 0, 0, '2016-07-04 05:50:40', '2016-07-04 05:50:40'),
(264, 17, 'Koppal', 0, 0, 0, '2016-07-04 05:50:40', '2016-07-04 05:50:40'),
(265, 17, 'Mandya', 0, 0, 0, '2016-07-04 05:50:40', '2016-07-04 05:50:40'),
(266, 17, 'Mysore', 0, 0, 0, '2016-07-04 05:50:40', '2016-07-04 05:50:40'),
(267, 17, 'Raichur', 0, 0, 0, '2016-07-04 05:50:40', '2016-07-04 05:50:40'),
(268, 17, 'Shimoga', 0, 0, 0, '2016-07-04 05:50:40', '2016-07-04 05:50:40'),
(269, 17, 'Tumkur', 0, 0, 0, '2016-07-04 05:50:40', '2016-07-04 05:50:40'),
(270, 17, 'Udupi', 0, 0, 0, '2016-07-04 05:50:40', '2016-07-04 05:50:40'),
(271, 17, 'Uttara Kannada', 0, 0, 0, '2016-07-04 05:50:40', '2016-07-04 05:50:40'),
(272, 17, 'Ramanagara', 0, 0, 0, '2016-07-04 05:50:40', '2016-07-04 05:50:40'),
(273, 17, 'Yadgir', 0, 0, 0, '2016-07-04 05:50:40', '2016-07-04 05:50:40'),
(274, 18, 'Alappuzha', 0, 0, 0, '2016-07-04 05:50:40', '2016-07-04 05:50:40'),
(275, 18, 'Ernakulam', 0, 0, 0, '2016-07-04 05:50:40', '2016-07-04 05:50:40'),
(276, 18, 'Idukki', 0, 0, 0, '2016-07-04 05:50:40', '2016-07-04 05:50:40'),
(277, 18, 'Kannur', 0, 0, 0, '2016-07-04 05:50:40', '2016-07-04 05:50:40'),
(278, 18, 'Kasaragod', 0, 0, 0, '2016-07-04 05:50:40', '2016-07-04 05:50:40'),
(279, 18, 'Kollam', 0, 0, 0, '2016-07-04 05:50:40', '2016-07-04 05:50:40'),
(280, 18, 'Kottayam', 0, 0, 0, '2016-07-04 05:50:40', '2016-07-04 05:50:40'),
(281, 18, 'Kozhikode', 0, 0, 0, '2016-07-04 05:50:40', '2016-07-04 05:50:40'),
(282, 18, 'Malappuram', 0, 0, 0, '2016-07-04 05:50:40', '2016-07-04 05:50:40'),
(283, 18, 'Palakkad', 0, 0, 0, '2016-07-04 05:50:40', '2016-07-04 05:50:40'),
(284, 18, 'Pathanamthitta', 0, 0, 0, '2016-07-04 05:50:40', '2016-07-04 05:50:40'),
(285, 18, 'Thrissur', 0, 0, 0, '2016-07-04 05:50:40', '2016-07-04 05:50:40'),
(286, 18, 'Thiruvananthapuram', 0, 0, 0, '2016-07-04 05:50:40', '2016-07-04 05:50:40'),
(287, 18, 'Wayanad', 0, 0, 0, '2016-07-04 05:50:40', '2016-07-04 05:50:40'),
(288, 19, 'Lakshadweep', 0, 0, 0, '2016-07-04 05:50:40', '2016-07-04 05:50:40'),
(289, 20, 'Agar', 0, 0, 0, '2016-07-04 05:50:40', '2016-07-04 05:50:40'),
(290, 20, 'Alirajpur', 0, 0, 0, '2016-07-04 05:50:40', '2016-07-04 05:50:40'),
(291, 20, 'Anuppur', 0, 0, 0, '2016-07-04 05:50:40', '2016-07-04 05:50:40'),
(292, 20, 'Ashok Nagar', 0, 0, 0, '2016-07-04 05:50:40', '2016-07-04 05:50:40'),
(293, 20, 'Balaghat', 0, 0, 0, '2016-07-04 05:50:40', '2016-07-04 05:50:40'),
(294, 20, 'Barwani', 0, 0, 0, '2016-07-04 05:50:40', '2016-07-04 05:50:40'),
(295, 20, 'Betul', 0, 0, 0, '2016-07-04 05:50:40', '2016-07-04 05:50:40'),
(296, 20, 'Bhind', 0, 0, 0, '2016-07-04 05:50:40', '2016-07-04 05:50:40'),
(297, 20, 'Bhopal', 0, 0, 0, '2016-07-04 05:50:40', '2016-07-04 05:50:40'),
(298, 20, 'Burhanpur', 0, 0, 0, '2016-07-04 05:50:40', '2016-07-04 05:50:40'),
(299, 20, 'Chhatarpur', 0, 0, 0, '2016-07-04 05:50:40', '2016-07-04 05:50:40'),
(300, 20, 'Chhindwara', 0, 0, 0, '2016-07-04 05:50:40', '2016-07-04 05:50:40'),
(301, 20, 'Damoh', 0, 0, 0, '2016-07-04 05:50:40', '2016-07-04 05:50:40'),
(302, 20, 'Datia', 0, 0, 0, '2016-07-04 05:50:40', '2016-07-04 05:50:40'),
(303, 20, 'Dewas', 0, 0, 0, '2016-07-04 05:50:40', '2016-07-04 05:50:40'),
(304, 20, 'Dhar', 0, 0, 0, '2016-07-04 05:50:40', '2016-07-04 05:50:40'),
(305, 20, 'Dindori', 0, 0, 0, '2016-07-04 05:50:40', '2016-07-04 05:50:40'),
(306, 20, 'Guna', 0, 0, 0, '2016-07-04 05:50:40', '2016-07-04 05:50:40'),
(307, 20, 'Gwalior', 0, 0, 0, '2016-07-04 05:50:40', '2016-07-04 05:50:40'),
(308, 20, 'Harda', 0, 0, 0, '2016-07-04 05:50:40', '2016-07-04 05:50:40'),
(309, 20, 'Hoshangabad', 0, 0, 0, '2016-07-04 05:50:40', '2016-07-04 05:50:40'),
(310, 20, 'Indore', 0, 0, 0, '2016-07-04 05:50:40', '2016-07-04 05:50:40'),
(311, 20, 'Jabalpur', 0, 0, 0, '2016-07-04 05:50:40', '2016-07-04 05:50:40'),
(312, 20, 'Jhabua', 0, 0, 0, '2016-07-04 05:50:40', '2016-07-04 05:50:40'),
(313, 20, 'Katni', 0, 0, 0, '2016-07-04 05:50:40', '2016-07-04 05:50:40'),
(314, 20, 'Khandwa (East Nimar)', 0, 0, 0, '2016-07-04 05:50:40', '2016-07-04 05:50:40'),
(315, 20, 'Khargone (West Nimar)', 0, 0, 0, '2016-07-04 05:50:40', '2016-07-04 05:50:40'),
(316, 20, 'Mandla', 0, 0, 0, '2016-07-04 05:50:40', '2016-07-04 05:50:40'),
(317, 20, 'Mandsaur', 0, 0, 0, '2016-07-04 05:50:40', '2016-07-04 05:50:40'),
(318, 20, 'Morena', 0, 0, 0, '2016-07-04 05:50:40', '2016-07-04 05:50:40'),
(319, 20, 'Narsinghpur', 0, 0, 0, '2016-07-04 05:50:40', '2016-07-04 05:50:40'),
(320, 20, 'Neemuch', 0, 0, 0, '2016-07-04 05:50:40', '2016-07-04 05:50:40'),
(321, 20, 'Panna', 0, 0, 0, '2016-07-04 05:50:40', '2016-07-04 05:50:40'),
(322, 20, 'Raisen', 0, 0, 0, '2016-07-04 05:50:40', '2016-07-04 05:50:40'),
(323, 20, 'Rajgarh', 0, 0, 0, '2016-07-04 05:50:40', '2016-07-04 05:50:40'),
(324, 20, 'Ratlam', 0, 0, 0, '2016-07-04 05:50:40', '2016-07-04 05:50:40'),
(325, 20, 'Rewa', 0, 0, 0, '2016-07-04 05:50:40', '2016-07-04 05:50:40'),
(326, 20, 'Sagar', 0, 0, 0, '2016-07-04 05:50:40', '2016-07-04 05:50:40'),
(327, 20, 'Satna', 0, 0, 0, '2016-07-04 05:50:40', '2016-07-04 05:50:40'),
(328, 20, 'Sehore', 0, 0, 0, '2016-07-04 05:50:40', '2016-07-04 05:50:40'),
(329, 20, 'Seoni', 0, 0, 0, '2016-07-04 05:50:40', '2016-07-04 05:50:40'),
(330, 20, 'Shahdol', 0, 0, 0, '2016-07-04 05:50:40', '2016-07-04 05:50:40'),
(331, 20, 'Shajapur', 0, 0, 0, '2016-07-04 05:50:40', '2016-07-04 05:50:40'),
(332, 20, 'Sheopur', 0, 0, 0, '2016-07-04 05:50:40', '2016-07-04 05:50:40'),
(333, 20, 'Shivpuri', 0, 0, 0, '2016-07-04 05:50:40', '2016-07-04 05:50:40'),
(334, 20, 'Sidhi', 0, 0, 0, '2016-07-04 05:50:40', '2016-07-04 05:50:40'),
(335, 20, 'Singrauli', 0, 0, 0, '2016-07-04 05:50:40', '2016-07-04 05:50:40'),
(336, 20, 'Tikamgarh', 0, 0, 0, '2016-07-04 05:50:40', '2016-07-04 05:50:40'),
(337, 20, 'Ujjain', 0, 0, 0, '2016-07-04 05:50:40', '2016-07-04 05:50:40'),
(338, 20, 'Umaria', 0, 0, 0, '2016-07-04 05:50:40', '2016-07-04 05:50:40'),
(339, 20, 'Vidisha', 0, 0, 0, '2016-07-04 05:50:40', '2016-07-04 05:50:40'),
(340, 21, 'Ahmednagar', 0, 0, 0, '2016-07-04 05:50:40', '2016-07-04 05:50:40'),
(341, 21, 'Akola', 0, 0, 0, '2016-07-04 05:50:40', '2016-07-04 05:50:40'),
(342, 21, 'Amravati', 0, 0, 0, '2016-07-04 05:50:40', '2016-07-04 05:50:40'),
(343, 21, 'Aurangabad', 0, 0, 0, '2016-07-04 05:50:40', '2016-07-04 05:50:40'),
(344, 21, 'Beed', 0, 0, 0, '2016-07-04 05:50:40', '2016-07-04 05:50:40'),
(345, 21, 'Bhandara', 0, 0, 0, '2016-07-04 05:50:40', '2016-07-04 05:50:40'),
(346, 21, 'Buldhana', 0, 0, 0, '2016-07-04 05:50:40', '2016-07-04 05:50:40'),
(347, 21, 'Chandrapur', 0, 0, 0, '2016-07-04 05:50:40', '2016-07-04 05:50:40'),
(348, 21, 'Dhule', 0, 0, 0, '2016-07-04 05:50:40', '2016-07-04 05:50:40'),
(349, 21, 'Gadchiroli', 0, 0, 0, '2016-07-04 05:50:40', '2016-07-04 05:50:40'),
(350, 21, 'Gondia', 0, 0, 0, '2016-07-04 05:50:40', '2016-07-04 05:50:40'),
(351, 21, 'Hingoli', 0, 0, 0, '2016-07-04 05:50:40', '2016-07-04 05:50:40'),
(352, 21, 'Jalgaon', 0, 0, 0, '2016-07-04 05:50:40', '2016-07-04 05:50:40'),
(353, 21, 'Jalna', 0, 0, 0, '2016-07-04 05:50:40', '2016-07-04 05:50:40'),
(354, 21, 'Kolhapur', 0, 0, 0, '2016-07-04 05:50:40', '2016-07-04 05:50:40'),
(355, 21, 'Latur', 0, 0, 0, '2016-07-04 05:50:40', '2016-07-04 05:50:40'),
(356, 21, 'Mumbai City', 0, 0, 0, '2016-07-04 05:50:40', '2016-07-04 05:50:40'),
(357, 21, 'Mumbai suburban', 0, 0, 0, '2016-07-04 05:50:40', '2016-07-04 05:50:40'),
(358, 21, 'Nanded', 0, 0, 0, '2016-07-04 05:50:40', '2016-07-04 05:50:40'),
(359, 21, 'Nandurbar', 0, 0, 0, '2016-07-04 05:50:40', '2016-07-04 05:50:40'),
(360, 21, 'Nagpur', 0, 0, 0, '2016-07-04 05:50:40', '2016-07-04 05:50:40'),
(361, 21, 'Nashik', 0, 0, 0, '2016-07-04 05:50:40', '2016-07-04 05:50:40'),
(362, 21, 'Osmanabad', 0, 0, 0, '2016-07-04 05:50:40', '2016-07-04 05:50:40'),
(363, 21, 'Parbhani', 0, 0, 0, '2016-07-04 05:50:40', '2016-07-04 05:50:40'),
(364, 21, 'Pune', 0, 0, 0, '2016-07-04 05:50:40', '2016-07-04 05:50:40'),
(365, 21, 'Raigad', 0, 0, 0, '2016-07-04 05:50:40', '2016-07-04 05:50:40'),
(366, 21, 'Ratnagiri', 0, 0, 0, '2016-07-04 05:50:40', '2016-07-04 05:50:40'),
(367, 21, 'Sangli', 0, 0, 0, '2016-07-04 05:50:40', '2016-07-04 05:50:40'),
(368, 21, 'Satara', 0, 0, 0, '2016-07-04 05:50:40', '2016-07-04 05:50:40'),
(369, 21, 'Sindhudurg', 0, 0, 0, '2016-07-04 05:50:40', '2016-07-04 05:50:40'),
(370, 21, 'Solapur', 0, 0, 0, '2016-07-04 05:50:40', '2016-07-04 05:50:40'),
(371, 21, 'Thane', 0, 0, 0, '2016-07-04 05:50:40', '2016-07-04 05:50:40'),
(372, 21, 'Wardha', 0, 0, 0, '2016-07-04 05:50:40', '2016-07-04 05:50:40'),
(373, 21, 'Washim', 0, 0, 0, '2016-07-04 05:50:40', '2016-07-04 05:50:40'),
(374, 21, 'Yavatmal', 0, 0, 0, '2016-07-04 05:50:40', '2016-07-04 05:50:40'),
(375, 22, 'Bishnupur', 0, 0, 0, '2016-07-04 05:50:40', '2016-07-04 05:50:40'),
(376, 22, 'Churachandpur', 0, 0, 0, '2016-07-04 05:50:40', '2016-07-04 05:50:40'),
(377, 22, 'Chandel', 0, 0, 0, '2016-07-04 05:50:40', '2016-07-04 05:50:40'),
(378, 22, 'Imphal East', 0, 0, 0, '2016-07-04 05:50:40', '2016-07-04 05:50:40'),
(379, 22, 'Senapati', 0, 0, 0, '2016-07-04 05:50:40', '2016-07-04 05:50:40'),
(380, 22, 'Tamenglong', 0, 0, 0, '2016-07-04 05:50:40', '2016-07-04 05:50:40'),
(381, 22, 'Thoubal', 0, 0, 0, '2016-07-04 05:50:40', '2016-07-04 05:50:40'),
(382, 22, 'Ukhrul', 0, 0, 0, '2016-07-04 05:50:40', '2016-07-04 05:50:40'),
(383, 22, 'Imphal West', 0, 0, 0, '2016-07-04 05:50:40', '2016-07-04 05:50:40'),
(384, 23, 'East Garo Hills', 0, 0, 0, '2016-07-04 05:50:40', '2016-07-04 05:50:40'),
(385, 23, 'East Khasi Hills', 0, 0, 0, '2016-07-04 05:50:40', '2016-07-04 05:50:40'),
(386, 23, 'Jaintia Hills', 0, 0, 0, '2016-07-04 05:50:40', '2016-07-04 05:50:40'),
(387, 23, 'Ri Bhoi', 0, 0, 0, '2016-07-04 05:50:40', '2016-07-04 05:50:40'),
(388, 23, 'South Garo Hills', 0, 0, 0, '2016-07-04 05:50:40', '2016-07-04 05:50:40'),
(389, 23, 'West Garo Hills', 0, 0, 0, '2016-07-04 05:50:40', '2016-07-04 05:50:40'),
(390, 23, 'West Khasi Hills', 0, 0, 0, '2016-07-04 05:50:40', '2016-07-04 05:50:40'),
(391, 24, 'Aizawl', 0, 0, 0, '2016-07-04 05:50:40', '2016-07-04 05:50:40'),
(392, 24, 'Champhai', 0, 0, 0, '2016-07-04 05:50:40', '2016-07-04 05:50:40'),
(393, 24, 'Kolasib', 0, 0, 0, '2016-07-04 05:50:40', '2016-07-04 05:50:40'),
(394, 24, 'Lawngtlai', 0, 0, 0, '2016-07-04 05:50:40', '2016-07-04 05:50:40'),
(395, 24, 'Lunglei', 0, 0, 0, '2016-07-04 05:50:40', '2016-07-04 05:50:40'),
(396, 24, 'Mamit', 0, 0, 0, '2016-07-04 05:50:40', '2016-07-04 05:50:40'),
(397, 24, 'Saiha', 0, 0, 0, '2016-07-04 05:50:40', '2016-07-04 05:50:40'),
(398, 24, 'Serchhip', 0, 0, 0, '2016-07-04 05:50:40', '2016-07-04 05:50:40'),
(399, 25, 'Dimapur', 0, 0, 0, '2016-07-04 05:50:40', '2016-07-04 05:50:40'),
(400, 25, 'Kiphire', 0, 0, 0, '2016-07-04 05:50:40', '2016-07-04 05:50:40'),
(401, 25, 'Kohima', 0, 0, 0, '2016-07-04 05:50:40', '2016-07-04 05:50:40'),
(402, 25, 'Longleng', 0, 0, 0, '2016-07-04 05:50:40', '2016-07-04 05:50:40'),
(403, 25, 'Mokokchung', 0, 0, 0, '2016-07-04 05:50:40', '2016-07-04 05:50:40'),
(404, 25, 'Mon', 0, 0, 0, '2016-07-04 05:50:40', '2016-07-04 05:50:40'),
(405, 25, 'Peren', 0, 0, 0, '2016-07-04 05:50:40', '2016-07-04 05:50:40'),
(406, 25, 'Phek', 0, 0, 0, '2016-07-04 05:50:40', '2016-07-04 05:50:40'),
(407, 25, 'Tuensang', 0, 0, 0, '2016-07-04 05:50:40', '2016-07-04 05:50:40'),
(408, 25, 'Wokha', 0, 0, 0, '2016-07-04 05:50:40', '2016-07-04 05:50:40'),
(409, 25, 'Zunheboto', 0, 0, 0, '2016-07-04 05:50:40', '2016-07-04 05:50:40'),
(410, 26, 'Angul', 0, 0, 0, '2016-07-04 05:50:40', '2016-07-04 05:50:40'),
(411, 26, 'Boudh (Bauda)', 0, 0, 0, '2016-07-04 05:50:40', '2016-07-04 05:50:40'),
(412, 26, 'Bhadrak', 0, 0, 0, '2016-07-04 05:50:40', '2016-07-04 05:50:40'),
(413, 26, 'Balangir', 0, 0, 0, '2016-07-04 05:50:40', '2016-07-04 05:50:40'),
(414, 26, 'Bargarh (Baragarh)', 0, 0, 0, '2016-07-04 05:50:40', '2016-07-04 05:50:40'),
(415, 26, 'Balasore', 0, 0, 0, '2016-07-04 05:50:40', '2016-07-04 05:50:40'),
(416, 26, 'Cuttack', 0, 0, 0, '2016-07-04 05:50:40', '2016-07-04 05:50:40'),
(417, 26, 'Debagarh (Deogarh)', 0, 0, 0, '2016-07-04 05:50:40', '2016-07-04 05:50:40'),
(418, 26, 'Dhenkanal', 0, 0, 0, '2016-07-04 05:50:40', '2016-07-04 05:50:40'),
(419, 26, 'Ganjam', 0, 0, 0, '2016-07-04 05:50:40', '2016-07-04 05:50:40'),
(420, 26, 'Gajapati', 0, 0, 0, '2016-07-04 05:50:40', '2016-07-04 05:50:40'),
(421, 26, 'Jharsuguda', 0, 0, 0, '2016-07-04 05:50:40', '2016-07-04 05:50:40'),
(422, 26, 'Jajpur', 0, 0, 0, '2016-07-04 05:50:40', '2016-07-04 05:50:40'),
(423, 26, 'Jagatsinghpur', 0, 0, 0, '2016-07-04 05:50:40', '2016-07-04 05:50:40'),
(424, 26, 'Khordha', 0, 0, 0, '2016-07-04 05:50:40', '2016-07-04 05:50:40'),
(425, 26, 'Kendujhar (Keonjhar)', 0, 0, 0, '2016-07-04 05:50:40', '2016-07-04 05:50:40'),
(426, 26, 'Kalahandi', 0, 0, 0, '2016-07-04 05:50:40', '2016-07-04 05:50:40'),
(427, 26, 'Kandhamal', 0, 0, 0, '2016-07-04 05:50:40', '2016-07-04 05:50:40'),
(428, 26, 'Koraput', 0, 0, 0, '2016-07-04 05:50:40', '2016-07-04 05:50:40'),
(429, 26, 'Kendrapara', 0, 0, 0, '2016-07-04 05:50:40', '2016-07-04 05:50:40'),
(430, 26, 'Malkangiri', 0, 0, 0, '2016-07-04 05:50:40', '2016-07-04 05:50:40'),
(431, 26, 'Mayurbhanj', 0, 0, 0, '2016-07-04 05:50:40', '2016-07-04 05:50:40'),
(432, 26, 'Nabarangpur', 0, 0, 0, '2016-07-04 05:50:40', '2016-07-04 05:50:40'),
(433, 26, 'Nuapada', 0, 0, 0, '2016-07-04 05:50:40', '2016-07-04 05:50:40'),
(434, 26, 'Nayagarh', 0, 0, 0, '2016-07-04 05:50:40', '2016-07-04 05:50:40'),
(435, 26, 'Puri', 0, 0, 0, '2016-07-04 05:50:40', '2016-07-04 05:50:40'),
(436, 26, 'Rayagada', 0, 0, 0, '2016-07-04 05:50:40', '2016-07-04 05:50:40'),
(437, 26, 'Sambalpur', 0, 0, 0, '2016-07-04 05:50:40', '2016-07-04 05:50:40'),
(438, 26, 'Subarnapur (Sonepur)', 0, 0, 0, '2016-07-04 05:50:40', '2016-07-04 05:50:40'),
(439, 26, 'Sundergarh', 0, 0, 0, '2016-07-04 05:50:40', '2016-07-04 05:50:40'),
(440, 27, 'Karaikal', 0, 0, 0, '2016-07-04 05:50:40', '2016-07-04 05:50:40'),
(441, 27, 'Mahe', 0, 0, 0, '2016-07-04 05:50:40', '2016-07-04 05:50:40'),
(442, 27, 'Pondicherry', 0, 0, 0, '2016-07-04 05:50:40', '2016-07-04 05:50:40'),
(443, 27, 'Yanam', 0, 0, 0, '2016-07-04 05:50:40', '2016-07-04 05:50:40'),
(444, 28, 'Amritsar', 0, 0, 0, '2016-07-04 05:50:40', '2016-07-04 05:50:40'),
(445, 28, 'Barnala', 0, 0, 0, '2016-07-04 05:50:40', '2016-07-04 05:50:40'),
(446, 28, 'Bathinda', 0, 0, 0, '2016-07-04 05:50:40', '2016-07-04 05:50:40'),
(447, 28, 'Firozpur', 0, 0, 0, '2016-07-04 05:50:40', '2016-07-04 05:50:40'),
(448, 28, 'Faridkot', 0, 0, 0, '2016-07-04 05:50:40', '2016-07-04 05:50:40'),
(449, 28, 'Fatehgarh Sahib', 0, 0, 0, '2016-07-04 05:50:40', '2016-07-04 05:50:40'),
(450, 28, 'Fazilka[6]', 0, 0, 0, '2016-07-04 05:50:40', '2016-07-04 05:50:40'),
(451, 28, 'Gurdaspur', 0, 0, 0, '2016-07-04 05:50:40', '2016-07-04 05:50:40'),
(452, 28, 'Hoshiarpur', 0, 0, 0, '2016-07-04 05:50:40', '2016-07-04 05:50:40'),
(453, 28, 'Jalandhar', 0, 0, 0, '2016-07-04 05:50:40', '2016-07-04 05:50:40'),
(454, 28, 'Kapurthala', 0, 0, 0, '2016-07-04 05:50:40', '2016-07-04 05:50:40'),
(455, 28, 'Ludhiana', 0, 0, 0, '2016-07-04 05:50:40', '2016-07-04 05:50:40'),
(456, 28, 'Mansa', 0, 0, 0, '2016-07-04 05:50:40', '2016-07-04 05:50:40'),
(457, 28, 'Moga', 0, 0, 0, '2016-07-04 05:50:40', '2016-07-04 05:50:40'),
(458, 28, 'Sri Muktsar Sahib', 0, 0, 0, '2016-07-04 05:50:40', '2016-07-04 05:50:40'),
(459, 28, 'Pathankot', 0, 0, 0, '2016-07-04 05:50:40', '2016-07-04 05:50:40'),
(460, 28, 'Patiala', 0, 0, 0, '2016-07-04 05:50:40', '2016-07-04 05:50:40'),
(461, 28, 'Rupnagar', 0, 0, 0, '2016-07-04 05:50:40', '2016-07-04 05:50:40'),
(462, 28, 'Ajitgarh (Mohali)', 0, 0, 0, '2016-07-04 05:50:40', '2016-07-04 05:50:40'),
(463, 28, 'Sangrur', 0, 0, 0, '2016-07-04 05:50:40', '2016-07-04 05:50:40'),
(464, 28, 'Shahid Bhagat Singh Nagar', 0, 0, 0, '2016-07-04 05:50:40', '2016-07-04 05:50:40'),
(465, 28, 'Tarn Taran', 0, 0, 0, '2016-07-04 05:50:40', '2016-07-04 05:50:40'),
(466, 29, 'Ajmer', 0, 0, 3, '2016-07-04 05:50:40', '2016-07-26 02:47:45'),
(467, 29, 'Alwar', 0, 0, 0, '2016-07-04 05:50:40', '2016-07-04 05:50:40'),
(468, 29, 'Bikaner', 0, 0, 0, '2016-07-04 05:50:40', '2016-07-04 05:50:40'),
(469, 29, 'Barmer', 0, 0, 0, '2016-07-04 05:50:40', '2016-07-04 05:50:40'),
(470, 29, 'Banswara', 0, 0, 0, '2016-07-04 05:50:40', '2016-07-04 05:50:40'),
(471, 29, 'Bharatpur', 0, 0, 0, '2016-07-04 05:50:40', '2016-07-04 05:50:40'),
(472, 29, 'Baran', 0, 0, 0, '2016-07-04 05:50:40', '2016-07-04 05:50:40'),
(473, 29, 'Bundi', 0, 0, 0, '2016-07-04 05:50:40', '2016-07-04 05:50:40'),
(474, 29, 'Bhilwara', 0, 0, 0, '2016-07-04 05:50:40', '2016-07-04 05:50:40'),
(475, 29, 'Churu', 0, 0, 0, '2016-07-04 05:50:40', '2016-07-04 05:50:40'),
(476, 29, 'Chittorgarh', 0, 0, 0, '2016-07-04 05:50:40', '2016-07-04 05:50:40'),
(477, 29, 'Dausa', 0, 0, 0, '2016-07-04 05:50:40', '2016-07-04 05:50:40'),
(478, 29, 'Dholpur', 0, 0, 0, '2016-07-04 05:50:40', '2016-07-04 05:50:40'),
(479, 29, 'Dungapur', 0, 0, 0, '2016-07-04 05:50:40', '2016-07-04 05:50:40'),
(480, 29, 'Ganganagar', 0, 0, 0, '2016-07-04 05:50:40', '2016-07-04 05:50:40'),
(481, 29, 'Hanumangarh', 0, 0, 0, '2016-07-04 05:50:40', '2016-07-04 05:50:40'),
(482, 29, 'Jhunjhunu', 0, 0, 0, '2016-07-04 05:50:40', '2016-07-04 05:50:40'),
(483, 29, 'Jalore', 0, 0, 0, '2016-07-04 05:50:40', '2016-07-04 05:50:40'),
(484, 29, 'Jodhpur', 0, 0, 0, '2016-07-04 05:50:40', '2016-07-04 05:50:40'),
(485, 29, 'Jaipur', 0, 0, 0, '2016-07-04 05:50:40', '2016-07-04 05:50:40'),
(486, 29, 'Jaisalmer', 0, 0, 0, '2016-07-04 05:50:40', '2016-07-04 05:50:40'),
(487, 29, 'Jhalawar', 0, 0, 0, '2016-07-04 05:50:40', '2016-07-04 05:50:40'),
(488, 29, 'Karauli', 0, 0, 0, '2016-07-04 05:50:40', '2016-07-04 05:50:40'),
(489, 29, 'Kota', 0, 0, 0, '2016-07-04 05:50:40', '2016-07-04 05:50:40'),
(490, 29, 'Nagaur', 0, 0, 0, '2016-07-04 05:50:40', '2016-07-04 05:50:40'),
(491, 29, 'Pali', 0, 0, 0, '2016-07-04 05:50:40', '2016-07-04 05:50:40'),
(492, 29, 'Pratapgarh', 0, 0, 0, '2016-07-04 05:50:40', '2016-07-04 05:50:40'),
(493, 29, 'Rajsamand', 0, 0, 0, '2016-07-04 05:50:40', '2016-07-04 05:50:40'),
(494, 29, 'Sikar', 0, 0, 0, '2016-07-04 05:50:40', '2016-07-04 05:50:40'),
(495, 29, 'Sawai Madhopur', 0, 0, 0, '2016-07-04 05:50:40', '2016-07-04 05:50:40'),
(496, 29, 'Sirohi', 0, 0, 0, '2016-07-04 05:50:40', '2016-07-04 05:50:40'),
(497, 29, 'Tonk', 0, 0, 0, '2016-07-04 05:50:40', '2016-07-04 05:50:40'),
(498, 29, 'Udaipur', 0, 0, 0, '2016-07-04 05:50:40', '2016-07-04 05:50:40'),
(499, 30, 'East Sikkim', 0, 0, 0, '2016-07-04 05:50:40', '2016-07-04 05:50:40'),
(500, 30, 'North Sikkim', 0, 0, 0, '2016-07-04 05:50:40', '2016-07-04 05:50:40'),
(501, 30, 'South Sikkim', 0, 0, 0, '2016-07-04 05:50:40', '2016-07-04 05:50:40'),
(502, 30, 'West Sikkim', 0, 0, 0, '2016-07-04 05:50:40', '2016-07-04 05:50:40'),
(503, 31, 'Ariyalur', 0, 0, 0, '2016-07-04 05:50:40', '2016-07-04 05:50:40'),
(504, 31, 'Chennai', 0, 0, 0, '2016-07-04 05:50:40', '2016-07-04 05:50:40'),
(505, 31, 'Coimbatore', 0, 0, 0, '2016-07-04 05:50:40', '2016-07-04 05:50:40'),
(506, 31, 'Cuddalore', 0, 0, 0, '2016-07-04 05:50:40', '2016-07-04 05:50:40'),
(507, 31, 'Dharmapuri', 0, 0, 0, '2016-07-04 05:50:40', '2016-07-04 05:50:40'),
(508, 31, 'Dindigul', 0, 0, 0, '2016-07-04 05:50:40', '2016-07-04 05:50:40'),
(509, 31, 'Erode', 0, 0, 0, '2016-07-04 05:50:40', '2016-07-04 05:50:40'),
(510, 31, 'Kanchipuram', 0, 0, 0, '2016-07-04 05:50:40', '2016-07-04 05:50:40'),
(511, 31, 'Kanyakumari', 0, 0, 0, '2016-07-04 05:50:40', '2016-07-04 05:50:40'),
(512, 31, 'Karur', 0, 0, 0, '2016-07-04 05:50:40', '2016-07-04 05:50:40'),
(513, 31, 'Krishnagiri', 0, 0, 0, '2016-07-04 05:50:40', '2016-07-04 05:50:40'),
(514, 31, 'Madurai', 0, 0, 0, '2016-07-04 05:50:40', '2016-07-04 05:50:40'),
(515, 31, 'Nagapattinam', 0, 0, 0, '2016-07-04 05:50:40', '2016-07-04 05:50:40'),
(516, 31, 'Nilgiris', 0, 0, 0, '2016-07-04 05:50:40', '2016-07-04 05:50:40'),
(517, 31, 'Namakkal', 0, 0, 0, '2016-07-04 05:50:40', '2016-07-04 05:50:40'),
(518, 31, 'Perambalur', 0, 0, 0, '2016-07-04 05:50:40', '2016-07-04 05:50:40'),
(519, 31, 'Pudukkottai', 0, 0, 0, '2016-07-04 05:50:40', '2016-07-04 05:50:40'),
(520, 31, 'Ramanathapuram', 0, 0, 0, '2016-07-04 05:50:40', '2016-07-04 05:50:40'),
(521, 31, 'Salem', 0, 0, 0, '2016-07-04 05:50:40', '2016-07-04 05:50:40'),
(522, 31, 'Sivaganga', 0, 0, 0, '2016-07-04 05:50:40', '2016-07-04 05:50:40'),
(523, 31, 'Tirupur', 0, 0, 0, '2016-07-04 05:50:40', '2016-07-04 05:50:40'),
(524, 31, 'Tiruchirappalli', 0, 0, 0, '2016-07-04 05:50:40', '2016-07-04 05:50:40'),
(525, 31, 'Theni', 0, 0, 0, '2016-07-04 05:50:40', '2016-07-04 05:50:40'),
(526, 31, 'Tirunelveli', 0, 0, 0, '2016-07-04 05:50:40', '2016-07-04 05:50:40'),
(527, 31, 'Thanjavur', 0, 0, 0, '2016-07-04 05:50:40', '2016-07-04 05:50:40'),
(528, 31, 'Thoothukudi', 0, 0, 0, '2016-07-04 05:50:40', '2016-07-04 05:50:40'),
(529, 31, 'Tiruvallur', 0, 0, 0, '2016-07-04 05:50:40', '2016-07-04 05:50:40'),
(530, 31, 'Tiruvarur', 0, 0, 0, '2016-07-04 05:50:40', '2016-07-04 05:50:40'),
(531, 31, 'Tiruvannamalai', 0, 0, 0, '2016-07-04 05:50:40', '2016-07-04 05:50:40'),
(532, 31, 'Vellore', 0, 0, 0, '2016-07-04 05:50:40', '2016-07-04 05:50:40'),
(533, 31, 'Viluppuram', 0, 0, 0, '2016-07-04 05:50:40', '2016-07-04 05:50:40'),
(534, 31, 'Virudhunagar', 0, 0, 0, '2016-07-04 05:50:40', '2016-07-04 05:50:40'),
(535, 32, 'Dhalai', 0, 0, 0, '2016-07-04 05:50:40', '2016-07-04 05:50:40'),
(536, 32, 'North Tripura', 0, 0, 0, '2016-07-04 05:50:40', '2016-07-04 05:50:40'),
(537, 32, 'South Tripura', 0, 0, 0, '2016-07-04 05:50:40', '2016-07-04 05:50:40'),
(538, 32, 'Khowai[7]', 0, 0, 0, '2016-07-04 05:50:40', '2016-07-04 05:50:40'),
(539, 32, 'West Tripura', 0, 0, 0, '2016-07-04 05:50:40', '2016-07-04 05:50:40'),
(540, 33, 'Agra', 0, 0, 0, '2016-07-04 05:50:40', '2016-07-04 05:50:40'),
(541, 33, 'Aligarh', 0, 0, 0, '2016-07-04 05:50:40', '2016-07-04 05:50:40'),
(542, 33, 'Allahabad', 0, 0, 0, '2016-07-04 05:50:40', '2016-07-04 05:50:40'),
(543, 33, 'Ambedkar Nagar', 0, 0, 0, '2016-07-04 05:50:40', '2016-07-04 05:50:40'),
(544, 33, 'Auraiya', 0, 0, 0, '2016-07-04 05:50:40', '2016-07-04 05:50:40'),
(545, 33, 'Azamgarh', 0, 0, 0, '2016-07-04 05:50:40', '2016-07-04 05:50:40'),
(546, 33, 'Bagpat', 0, 0, 0, '2016-07-04 05:50:40', '2016-07-04 05:50:40'),
(547, 33, 'Bahraich', 0, 0, 0, '2016-07-04 05:50:40', '2016-07-04 05:50:40'),
(548, 33, 'Ballia', 0, 0, 0, '2016-07-04 05:50:40', '2016-07-04 05:50:40'),
(549, 33, 'Balrampur', 0, 0, 0, '2016-07-04 05:50:40', '2016-07-04 05:50:40'),
(550, 33, 'Banda', 0, 0, 0, '2016-07-04 05:50:40', '2016-07-04 05:50:40'),
(551, 33, 'Barabanki', 0, 0, 0, '2016-07-04 05:50:40', '2016-07-04 05:50:40'),
(552, 33, 'Bareilly', 0, 0, 0, '2016-07-04 05:50:40', '2016-07-04 05:50:40'),
(553, 33, 'Basti', 0, 0, 0, '2016-07-04 05:50:40', '2016-07-04 05:50:40'),
(554, 33, 'Bijnor', 0, 0, 0, '2016-07-04 05:50:40', '2016-07-04 05:50:40'),
(555, 33, 'Budaun', 0, 0, 0, '2016-07-04 05:50:40', '2016-07-04 05:50:40'),
(556, 33, 'Bulandshahr', 0, 0, 0, '2016-07-04 05:50:40', '2016-07-04 05:50:40'),
(557, 33, 'Chandauli', 0, 0, 0, '2016-07-04 05:50:40', '2016-07-04 05:50:40'),
(558, 33, 'Chhatrapati Shahuji Maharaj Nagar[8]', 0, 0, 0, '2016-07-04 05:50:40', '2016-07-04 05:50:40'),
(559, 33, 'Chitrakoot', 0, 0, 0, '2016-07-04 05:50:40', '2016-07-04 05:50:40'),
(560, 33, 'Deoria', 0, 0, 0, '2016-07-04 05:50:40', '2016-07-04 05:50:40'),
(561, 33, 'Etah', 0, 0, 0, '2016-07-04 05:50:40', '2016-07-04 05:50:40'),
(562, 33, 'Etawah', 0, 0, 0, '2016-07-04 05:50:40', '2016-07-04 05:50:40'),
(563, 33, 'Faizabad', 0, 0, 0, '2016-07-04 05:50:40', '2016-07-04 05:50:40'),
(564, 33, 'Farrukhabad', 0, 0, 0, '2016-07-04 05:50:40', '2016-07-04 05:50:40'),
(565, 33, 'Fatehpur', 0, 0, 0, '2016-07-04 05:50:40', '2016-07-04 05:50:40'),
(566, 33, 'Firozabad', 0, 0, 0, '2016-07-04 05:50:40', '2016-07-04 05:50:40'),
(567, 33, 'Gautam Buddh Nagar', 0, 0, 0, '2016-07-04 05:50:40', '2016-07-04 05:50:40'),
(568, 33, 'Ghaziabad', 0, 0, 0, '2016-07-04 05:50:40', '2016-07-04 05:50:40'),
(569, 33, 'Ghazipur', 0, 0, 0, '2016-07-04 05:50:40', '2016-07-04 05:50:40'),
(570, 33, 'Gonda', 0, 0, 0, '2016-07-04 05:50:40', '2016-07-04 05:50:40'),
(571, 33, 'Gorakhpur', 0, 0, 0, '2016-07-04 05:50:40', '2016-07-04 05:50:40'),
(572, 33, 'Hamirpur', 0, 0, 0, '2016-07-04 05:50:40', '2016-07-04 05:50:40'),
(573, 33, 'Hardoi', 0, 0, 0, '2016-07-04 05:50:40', '2016-07-04 05:50:40'),
(574, 33, 'Hathras', 0, 0, 0, '2016-07-04 05:50:40', '2016-07-04 05:50:40'),
(575, 33, 'Jalaun', 0, 0, 0, '2016-07-04 05:50:40', '2016-07-04 05:50:40'),
(576, 33, 'Jaunpur district', 0, 0, 0, '2016-07-04 05:50:40', '2016-07-04 05:50:40'),
(577, 33, 'Jhansi', 0, 0, 0, '2016-07-04 05:50:40', '2016-07-04 05:50:40'),
(578, 33, 'Jyotiba Phule Nagar', 0, 0, 0, '2016-07-04 05:50:40', '2016-07-04 05:50:40'),
(579, 33, 'Kannauj', 0, 0, 0, '2016-07-04 05:50:40', '2016-07-04 05:50:40'),
(580, 33, 'Kanpur', 0, 0, 0, '2016-07-04 05:50:40', '2016-07-04 05:50:40'),
(581, 33, 'Kanshi Ram Nagar', 0, 0, 0, '2016-07-04 05:50:40', '2016-07-04 05:50:40'),
(582, 33, 'Kaushambi', 0, 0, 0, '2016-07-04 05:50:40', '2016-07-04 05:50:40'),
(583, 33, 'Kushinagar', 0, 0, 0, '2016-07-04 05:50:40', '2016-07-04 05:50:40'),
(584, 33, 'Lakhimpur Kheri', 0, 0, 0, '2016-07-04 05:50:40', '2016-07-04 05:50:40'),
(585, 33, 'Lalitpur', 0, 0, 0, '2016-07-04 05:50:40', '2016-07-04 05:50:40'),
(586, 33, 'Lucknow', 0, 0, 0, '2016-07-04 05:50:40', '2016-07-04 05:50:40'),
(587, 33, 'Maharajganj', 0, 0, 0, '2016-07-04 05:50:40', '2016-07-04 05:50:40'),
(588, 33, 'Mahoba', 0, 0, 0, '2016-07-04 05:50:40', '2016-07-04 05:50:40'),
(589, 33, 'Mainpuri', 0, 0, 0, '2016-07-04 05:50:40', '2016-07-04 05:50:40'),
(590, 33, 'Mathura', 0, 0, 0, '2016-07-04 05:50:40', '2016-07-04 05:50:40'),
(591, 33, 'Mau', 0, 0, 0, '2016-07-04 05:50:40', '2016-07-04 05:50:40'),
(592, 33, 'Meerut', 0, 0, 0, '2016-07-04 05:50:40', '2016-07-04 05:50:40'),
(593, 33, 'Mirzapur', 0, 0, 0, '2016-07-04 05:50:40', '2016-07-04 05:50:40'),
(594, 33, 'Moradabad', 0, 0, 0, '2016-07-04 05:50:40', '2016-07-04 05:50:40'),
(595, 33, 'Muzaffarnagar', 0, 0, 0, '2016-07-04 05:50:40', '2016-07-04 05:50:40'),
(596, 33, 'Panchsheel Nagar district (Hapur)', 0, 0, 0, '2016-07-04 05:50:40', '2016-07-04 05:50:40'),
(597, 33, 'Pilibhit', 0, 0, 0, '2016-07-04 05:50:40', '2016-07-04 05:50:40'),
(598, 33, 'Pratapgarh', 0, 0, 0, '2016-07-04 05:50:40', '2016-07-04 05:50:40'),
(599, 33, 'Raebareli', 0, 0, 0, '2016-07-04 05:50:40', '2016-07-04 05:50:40'),
(600, 33, 'Ramabai Nagar (Kanpur Dehat)', 0, 0, 0, '2016-07-04 05:50:40', '2016-07-04 05:50:40'),
(601, 33, 'Rampur', 0, 0, 0, '2016-07-04 05:50:40', '2016-07-04 05:50:40'),
(602, 33, 'Saharanpur', 0, 0, 0, '2016-07-04 05:50:40', '2016-07-04 05:50:40'),
(603, 33, 'Sant Kabir Nagar', 0, 0, 0, '2016-07-04 05:50:40', '2016-07-04 05:50:40'),
(604, 33, 'Sant Ravidas Nagar', 0, 0, 0, '2016-07-04 05:50:40', '2016-07-04 05:50:40'),
(605, 33, 'Shahjahanpur', 0, 0, 0, '2016-07-04 05:50:40', '2016-07-04 05:50:40'),
(606, 33, 'Shamli[9]', 0, 0, 0, '2016-07-04 05:50:40', '2016-07-04 05:50:40'),
(607, 33, 'Shravasti', 0, 0, 0, '2016-07-04 05:50:40', '2016-07-04 05:50:40'),
(608, 33, 'Siddharthnagar', 0, 0, 0, '2016-07-04 05:50:40', '2016-07-04 05:50:40'),
(609, 33, 'Sitapur', 0, 0, 0, '2016-07-04 05:50:40', '2016-07-04 05:50:40'),
(610, 33, 'Sonbhadra', 0, 0, 0, '2016-07-04 05:50:40', '2016-07-04 05:50:40'),
(611, 33, 'Sultanpur', 0, 0, 0, '2016-07-04 05:50:40', '2016-07-04 05:50:40'),
(612, 33, 'Unnao', 0, 0, 0, '2016-07-04 05:50:40', '2016-07-04 05:50:40'),
(613, 33, 'Varanasi', 0, 0, 0, '2016-07-04 05:50:40', '2016-07-04 05:50:40'),
(614, 34, 'Almora', 0, 0, 0, '2016-07-04 05:50:40', '2016-07-04 05:50:40'),
(615, 34, 'Bageshwar', 0, 0, 0, '2016-07-04 05:50:40', '2016-07-04 05:50:40'),
(616, 34, 'Chamoli', 0, 0, 0, '2016-07-04 05:50:40', '2016-07-04 05:50:40'),
(617, 34, 'Champawat', 0, 0, 0, '2016-07-04 05:50:40', '2016-07-04 05:50:40'),
(618, 34, 'Dehradun', 0, 0, 0, '2016-07-04 05:50:40', '2016-07-04 05:50:40'),
(619, 34, 'Haridwar', 0, 0, 0, '2016-07-04 05:50:40', '2016-07-04 05:50:40'),
(620, 34, 'Nainital', 0, 0, 0, '2016-07-04 05:50:40', '2016-07-04 05:50:40'),
(621, 34, 'Pauri Garhwal', 0, 0, 0, '2016-07-04 05:50:40', '2016-07-04 05:50:40'),
(622, 34, 'Pithoragarh', 0, 0, 0, '2016-07-04 05:50:40', '2016-07-04 05:50:40'),
(623, 34, 'Rudraprayag', 0, 0, 0, '2016-07-04 05:50:40', '2016-07-04 05:50:40'),
(624, 34, 'Tehri Garhwal', 0, 0, 0, '2016-07-04 05:50:40', '2016-07-04 05:50:40'),
(625, 34, 'Udham Singh Nagar', 0, 0, 0, '2016-07-04 05:50:40', '2016-07-04 05:50:40'),
(626, 34, 'Uttarkashi', 0, 0, 0, '2016-07-04 05:50:40', '2016-07-04 05:50:40'),
(627, 35, 'Bankura', 0, 0, 0, '2016-07-04 05:50:40', '2016-07-04 05:50:40'),
(628, 35, 'Bardhaman', 0, 0, 0, '2016-07-04 05:50:40', '2016-07-04 05:50:40'),
(629, 35, 'Birbhum', 0, 0, 0, '2016-07-04 05:50:40', '2016-07-04 05:50:40'),
(630, 35, 'Cooch Behar', 0, 0, 0, '2016-07-04 05:50:40', '2016-07-04 05:50:40'),
(631, 35, 'Dakshin Dinajpur', 0, 0, 0, '2016-07-04 05:50:40', '2016-07-04 05:50:40'),
(632, 35, 'Darjeeling', 0, 0, 0, '2016-07-04 05:50:40', '2016-07-04 05:50:40'),
(633, 35, 'Hooghly', 0, 0, 0, '2016-07-04 05:50:40', '2016-07-04 05:50:40'),
(634, 35, 'Howrah', 0, 0, 0, '2016-07-04 05:50:40', '2016-07-04 05:50:40'),
(635, 35, 'Jalpaiguri', 0, 0, 0, '2016-07-04 05:50:40', '2016-07-04 05:50:40'),
(636, 35, 'Kolkata', 0, 0, 0, '2016-07-04 05:50:40', '2016-07-04 05:50:40'),
(637, 35, 'Maldah', 0, 0, 0, '2016-07-04 05:50:40', '2016-07-04 05:50:40'),
(638, 35, 'Murshidabad', 0, 0, 0, '2016-07-04 05:50:40', '2016-07-04 05:50:40'),
(639, 35, 'Nadia', 0, 0, 0, '2016-07-04 05:50:40', '2016-07-04 05:50:40'),
(640, 35, 'North 24 Parganas', 0, 0, 0, '2016-07-04 05:50:40', '2016-07-04 05:50:40'),
(641, 35, 'Paschim Medinipur', 0, 0, 0, '2016-07-04 05:50:40', '2016-07-04 05:50:40'),
(642, 35, 'Purba Medinipur', 0, 0, 0, '2016-07-04 05:50:40', '2016-07-04 05:50:40'),
(643, 35, 'Purulia', 0, 0, 0, '2016-07-04 05:50:40', '2016-07-04 05:50:40'),
(644, 35, 'South 24 Parganas', 0, 0, 0, '2016-07-04 05:50:40', '2016-07-04 05:50:40'),
(645, 35, 'Uttar Dinajpur', 0, 0, 0, '2016-07-04 05:50:40', '2016-07-04 05:50:40');

-- --------------------------------------------------------

--
-- Table structure for table `emailaddresses`
--

CREATE TABLE IF NOT EXISTS `emailaddresses` (
  `emailId` int(12) NOT NULL AUTO_INCREMENT,
  `entityId` int(12) NOT NULL,
  `email` varchar(200) NOT NULL,
  `emailType` varchar(200) NOT NULL,
  `description` varchar(500) NOT NULL,
  `deleted` int(2) NOT NULL DEFAULT '0',
  `status` int(2) NOT NULL DEFAULT '0',
  `updateCounter` int(12) NOT NULL DEFAULT '0',
  `created_at` timestamp NOT NULL DEFAULT CURRENT_TIMESTAMP,
  `updated_at` timestamp NOT NULL DEFAULT CURRENT_TIMESTAMP,
  PRIMARY KEY (`emailId`)
) ENGINE=InnoDB  DEFAULT CHARSET=latin1 AUTO_INCREMENT=57 ;

--
-- Dumping data for table `emailaddresses`
--

INSERT INTO `emailaddresses` (`emailId`, `entityId`, `email`, `emailType`, `description`, `deleted`, `status`, `updateCounter`, `created_at`, `updated_at`) VALUES
(42, 1, 'test@test.com', '', '', 0, 0, 1, '2016-07-27 05:02:02', '2016-07-27 05:02:02'),
(43, 2, 'ravi@bel-technology.com', '', '', 0, 0, 9, '2016-07-27 05:29:02', '2016-07-27 05:29:02'),
(44, 3, 'ravi@test.com', '', '', 0, 0, 4, '2016-07-27 23:17:05', '2016-07-27 23:17:05'),
(45, 4, 'new@test.com', '', '', 0, 0, 1, '2016-07-29 00:54:54', '2016-07-29 00:54:54'),
(46, 5, 'vijay@test.com', '', '', 0, 0, 0, '2016-07-30 06:06:48', '2016-07-30 06:06:48'),
(47, 6, 'ravikumawat523@gmail.com', '', '', 0, 0, 11, '2016-08-02 23:29:14', '2016-08-02 23:29:14'),
(48, 41, 'asdghadf@test.com', '', '', 0, 0, 0, '2016-08-08 23:28:12', '2016-08-08 23:28:12'),
(49, 42, 'ravi@bel-technology.com1', '', '', 0, 0, 0, '2016-08-08 23:39:49', '2016-08-08 23:39:49'),
(50, 43, 'ravi@bel-technology1.com', '', '', 0, 0, 2, '2016-08-10 03:44:03', '2016-08-10 03:44:03'),
(51, 44, 'ravi@bel-technology1.com1', '', '', 1, 0, 0, '2016-08-10 03:45:40', '2016-08-10 03:45:40'),
(52, 45, 'ravyyi@bel-technology.com', '', '', 0, 0, 1, '2016-08-10 03:48:44', '2016-08-10 03:48:44'),
(53, 46, 'ravi111@bel-technology.com', '', '', 0, 0, 2, '2016-08-10 04:56:06', '2016-08-10 04:56:06'),
(54, 48, 'chhipa.abida@gmail.com1', '', '', 0, 0, 0, '2016-08-19 23:03:52', '2016-08-19 23:03:52'),
(55, 49, 'test@test.comsfsfs', '', '', 0, 0, 0, '2016-08-22 02:01:28', '2016-08-22 02:01:28'),
(56, 50, 'abc@test.com11', '', '', 0, 0, 2, '2016-08-22 03:03:20', '2016-08-22 03:03:20');

-- --------------------------------------------------------

--
-- Table structure for table `employees`
--

CREATE TABLE IF NOT EXISTS `employees` (
  `employeeId` int(12) NOT NULL AUTO_INCREMENT,
  `teamId` int(12) NOT NULL,
  `entityId` int(12) NOT NULL,
  `locationId` int(12) NOT NULL,
  `sessionYear` varchar(100) NOT NULL,
  `employeeCode` varchar(100) NOT NULL,
  `dateOfJoining` varchar(100) NOT NULL,
  `dob` varchar(100) NOT NULL,
  `designation` varchar(200) NOT NULL,
  `description` varchar(500) NOT NULL,
  `deleted` int(2) NOT NULL DEFAULT '0',
  `status` int(2) NOT NULL DEFAULT '0',
  `updateCounter` int(12) NOT NULL DEFAULT '0',
  `updated_at` timestamp NOT NULL DEFAULT CURRENT_TIMESTAMP,
  `created_at` timestamp NOT NULL DEFAULT CURRENT_TIMESTAMP,
  PRIMARY KEY (`employeeId`)
) ENGINE=InnoDB  DEFAULT CHARSET=latin1 AUTO_INCREMENT=11 ;

--
-- Dumping data for table `employees`
--

INSERT INTO `employees` (`employeeId`, `teamId`, `entityId`, `locationId`, `sessionYear`, `employeeCode`, `dateOfJoining`, `dob`, `designation`, `description`, `deleted`, `status`, `updateCounter`, `updated_at`, `created_at`) VALUES
(1, 0, 1, 0, '2016-2017', 'EMP1', '27/07/2016', '27/07/2016', '9', '', 0, 0, 1, '2016-07-27 05:09:34', '2016-07-27 05:02:02'),
(2, 8, 2, 12, '2016-2017', 'EMP2', '27/07/2016', '27/07/2016', '10', '', 0, 0, 9, '2016-09-15 00:14:29', '2016-07-27 05:29:02'),
(3, 2, 4, 13, '2016-2017', 'EMP3', '29/07/2016', '29/07/2016', '8', '', 0, 0, 1, '2016-07-29 00:54:53', '2016-07-29 00:54:53'),
(4, 0, 41, 14, '2016-2017', 'POFE004', '09/08/2016', '09/08/2016', '8', '', 0, 0, 0, '2016-08-08 23:28:12', '2016-08-08 23:28:12'),
(5, 0, 43, 0, '2016-2017', 'EMP', '10/08/2016', '10/08/2016', '8', '', 0, 0, 2, '2016-08-10 03:44:03', '2016-08-10 03:44:03'),
(6, 0, 44, 0, '2016-2017', 'EMP45', '10/08/2016', '10/08/2016', '8', '', 1, 0, 0, '2016-08-10 03:45:40', '2016-08-10 03:45:40'),
(7, 0, 45, 0, '2016-2017', 'EMP45', '10/08/2016', '10/08/2016', '8', '', 0, 0, 1, '2016-08-10 03:48:44', '2016-08-10 03:48:44'),
(8, 0, 48, 0, '2016-2017', 'DEMOCODE', '20/08/2016', '20/08/2016', '8', '', 0, 0, 0, '2016-08-19 23:03:52', '2016-08-19 23:03:52'),
(9, 0, 49, 0, '2016-2017', '302012', '22/08/2016', '22/08/2016', '8', '', 0, 0, 0, '2016-08-22 02:01:27', '2016-08-22 02:01:27'),
(10, 0, 50, 0, '2016-2017', 'EMPRavi12', '22/08/2016', '22/08/2016', '10', '', 0, 0, 2, '2016-08-22 07:14:05', '2016-08-22 03:03:20');

-- --------------------------------------------------------

--
-- Table structure for table `entitys`
--

CREATE TABLE IF NOT EXISTS `entitys` (
  `entityId` int(12) NOT NULL AUTO_INCREMENT,
  `name` varchar(200) NOT NULL,
  `entityType` varchar(100) NOT NULL,
  `deleted` int(2) NOT NULL DEFAULT '0',
  `status` int(2) NOT NULL DEFAULT '0',
  `updateCounter` int(12) NOT NULL DEFAULT '0',
  `updated_at` timestamp NOT NULL DEFAULT CURRENT_TIMESTAMP,
  `created_at` timestamp NOT NULL DEFAULT CURRENT_TIMESTAMP,
  `description` varchar(500) NOT NULL,
  PRIMARY KEY (`entityId`)
) ENGINE=InnoDB  DEFAULT CHARSET=latin1 AUTO_INCREMENT=52 ;

--
-- Dumping data for table `entitys`
--

INSERT INTO `entitys` (`entityId`, `name`, `entityType`, `deleted`, `status`, `updateCounter`, `updated_at`, `created_at`, `description`) VALUES
(1, 'admin', '8', 0, 0, 1, '2016-07-27 05:02:02', '2016-07-27 05:02:02', ''),
(2, 'admin', '8', 0, 0, 9, '2016-07-27 05:29:02', '2016-07-27 05:29:02', ''),
(3, 'jhghjgjg', '', 0, 0, 4, '2016-07-27 23:17:04', '2016-07-27 23:17:04', ''),
(4, 'raj', '8', 0, 0, 1, '2016-07-29 00:54:53', '2016-07-29 00:54:53', ''),
(5, 'tagor public', '', 0, 0, 0, '2016-07-30 06:06:47', '2016-07-30 06:06:47', ''),
(6, 'tagor public', '', 0, 0, 11, '2016-08-02 23:29:12', '2016-08-02 23:29:12', ''),
(7, 'Ravi', 'student', 0, 0, 1, '2016-08-04 06:19:10', '2016-08-04 06:19:10', ''),
(8, 'Ravi', 'student', 0, 0, 2, '2016-08-04 06:22:27', '2016-08-04 06:22:27', ''),
(9, 'Shyam', 'student', 0, 0, 0, '2016-08-04 22:03:56', '2016-08-04 22:03:56', ''),
(10, 'swati', 'student', 0, 0, 0, '2016-08-05 00:33:33', '2016-08-05 00:33:33', ''),
(11, 'swati', 'student', 0, 0, 0, '2016-08-05 00:34:16', '2016-08-05 00:34:16', ''),
(12, 'vikram', 'student', 0, 0, 0, '2016-08-05 00:40:12', '2016-08-05 00:40:12', ''),
(13, 'a', 'student', 0, 0, 0, '2016-08-07 23:23:47', '2016-08-07 23:23:47', ''),
(14, 'b', 'student', 0, 0, 0, '2016-08-07 23:24:15', '2016-08-07 23:24:15', ''),
(15, 'c', 'student', 0, 0, 0, '2016-08-07 23:24:35', '2016-08-07 23:24:35', ''),
(16, 'd', 'student', 0, 0, 0, '2016-08-07 23:24:57', '2016-08-07 23:24:57', ''),
(17, 'e', 'student', 0, 0, 0, '2016-08-07 23:25:39', '2016-08-07 23:25:39', ''),
(18, 'G', 'student', 0, 0, 0, '2016-08-07 23:26:11', '2016-08-07 23:26:11', ''),
(19, 'f', 'student', 0, 0, 0, '2016-08-08 02:01:00', '2016-08-08 02:01:00', ''),
(20, 'h', 'student', 0, 0, 0, '2016-08-08 02:01:18', '2016-08-08 02:01:18', ''),
(21, 'hasdhasfdh', 'student', 0, 0, 1, '2016-08-08 02:01:45', '2016-08-08 02:01:45', ''),
(22, 'dfgdf', 'student', 0, 0, 0, '2016-08-08 02:02:54', '2016-08-08 02:02:54', ''),
(23, 'hjsdgfjgsd', 'student', 0, 0, 0, '2016-08-08 02:03:23', '2016-08-08 02:03:23', ''),
(24, 'uklhsjf', 'student', 0, 0, 0, '2016-08-08 02:03:43', '2016-08-08 02:03:43', ''),
(25, 'swati', 'student', 0, 0, 0, '2016-08-08 02:55:36', '2016-08-08 02:55:36', ''),
(26, 'jgdjdjdf', 'student', 0, 0, 0, '2016-08-08 03:00:25', '2016-08-08 03:00:25', ''),
(27, 'hfghgfhf', 'student', 0, 0, 0, '2016-08-08 03:00:44', '2016-08-08 03:00:44', ''),
(28, 'fdgdgf', 'student', 0, 0, 0, '2016-08-08 04:09:22', '2016-08-08 04:09:22', ''),
(29, 'cxcvx', 'student', 0, 0, 0, '2016-08-08 04:10:09', '2016-08-08 04:10:09', ''),
(30, 'c', 'student', 0, 0, 0, '2016-08-08 04:11:05', '2016-08-08 04:11:05', ''),
(31, 'dttt', 'student', 0, 0, 0, '2016-08-08 04:11:45', '2016-08-08 04:11:45', ''),
(32, 'bfhgf', 'student', 0, 0, 0, '2016-08-08 04:12:46', '2016-08-08 04:12:46', ''),
(33, 'digdfhgkjdh', 'student', 0, 0, 0, '2016-08-08 04:29:41', '2016-08-08 04:29:41', ''),
(34, 'hjgds', 'student', 0, 0, 0, '2016-08-08 04:29:58', '2016-08-08 04:29:58', ''),
(35, 'xcvxtyuvtx', 'student', 0, 0, 0, '2016-08-08 04:30:21', '2016-08-08 04:30:21', ''),
(36, 'xcvxcghj', 'student', 0, 0, 0, '2016-08-08 04:30:45', '2016-08-08 04:30:45', ''),
(37, 'dfdfsfs', 'student', 0, 0, 0, '2016-08-08 04:31:08', '2016-08-08 04:31:08', ''),
(38, 'zdz', 'student', 0, 0, 0, '2016-08-08 04:31:29', '2016-08-08 04:31:29', ''),
(39, 'tyerte', 'student', 0, 0, 0, '2016-08-08 04:31:49', '2016-08-08 04:31:49', ''),
(40, 'tytetr', 'student', 0, 0, 0, '2016-08-08 04:32:09', '2016-08-08 04:32:09', ''),
(41, 'PB', '8', 0, 0, 0, '2016-08-08 23:28:12', '2016-08-08 23:28:12', ''),
(42, 'fdfgdgdfg', '', 0, 0, 0, '2016-08-08 23:39:47', '2016-08-08 23:39:47', ''),
(43, 'PB', '8', 0, 0, 2, '2016-08-10 03:44:03', '2016-08-10 03:44:03', ''),
(44, 'PB', '8', 1, 0, 0, '2016-08-10 03:45:40', '2016-08-10 03:45:40', ''),
(45, 'PB', '8', 0, 0, 1, '2016-08-10 03:48:44', '2016-08-10 03:48:44', ''),
(46, 'ravi school', '', 0, 0, 2, '2016-08-10 04:56:04', '2016-08-10 04:56:04', ''),
(47, 'Ravi', 'student', 0, 0, 1, '2016-08-10 04:56:56', '2016-08-10 04:56:56', ''),
(48, 'ram', '8', 0, 0, 0, '2016-08-19 23:03:52', '2016-08-19 23:03:52', ''),
(49, 'Ravi', '8', 0, 0, 0, '2016-08-22 02:01:27', '2016-08-22 02:01:27', ''),
(50, 'Vijay', '8', 0, 0, 2, '2016-08-22 03:03:20', '2016-08-22 03:03:20', ''),
(51, 'shyam', 'student', 0, 0, 0, '2016-09-13 23:49:23', '2016-09-13 23:49:23', '');

-- --------------------------------------------------------

--
-- Table structure for table `fees`
--

CREATE TABLE IF NOT EXISTS `fees` (
  `id` int(10) unsigned NOT NULL AUTO_INCREMENT,
  `entityId` int(12) NOT NULL,
  `schoolId` int(12) NOT NULL,
  `sessionYear` varchar(255) COLLATE utf8_unicode_ci NOT NULL,
  `examLevelId` int(2) NOT NULL,
  `totalAmount` int(12) NOT NULL,
  `otherExpenses` int(12) NOT NULL,
  `studentsFees` int(12) NOT NULL,
  `restAmount` int(12) NOT NULL,
  `receivedAmount` int(12) NOT NULL,
  `deleted` int(2) NOT NULL DEFAULT '0',
  `status` int(2) NOT NULL DEFAULT '0',
  `updateCounter` int(12) NOT NULL DEFAULT '0',
  `created_at` timestamp NULL DEFAULT NULL,
  `updated_at` timestamp NULL DEFAULT NULL,
  PRIMARY KEY (`id`)
) ENGINE=InnoDB  DEFAULT CHARSET=utf8 COLLATE=utf8_unicode_ci AUTO_INCREMENT=6 ;

--
-- Dumping data for table `fees`
--

INSERT INTO `fees` (`id`, `entityId`, `schoolId`, `sessionYear`, `examLevelId`, `totalAmount`, `otherExpenses`, `studentsFees`, `restAmount`, `receivedAmount`, `deleted`, `status`, `updateCounter`, `created_at`, `updated_at`) VALUES
(1, 3, 1, '2016-2017', 0, 900, 400, 500, 0, 900, 0, 0, 3, '2016-07-27 23:17:04', '2016-07-27 23:17:04'),
(2, 5, 2, '1', 0, 0, 0, 0, 0, 0, 0, 0, 0, '2016-07-30 06:06:48', '2016-07-30 06:06:48'),
(3, 6, 3, '4', 0, 0, 0, 0, 0, 0, 0, 0, 0, '2016-08-02 23:29:12', '2016-08-02 23:29:12'),
(4, 42, 4, '4', 0, 0, 0, 0, 0, 0, 0, 0, 0, '2016-08-08 23:39:48', '2016-08-08 23:39:48'),
(5, 46, 5, '4', 0, 0, 0, 0, 0, 0, 0, 0, 0, '2016-08-10 04:56:05', '2016-08-10 04:56:05');

-- --------------------------------------------------------

--
-- Table structure for table `first_levels`
--

CREATE TABLE IF NOT EXISTS `first_levels` (
  `id` int(10) unsigned NOT NULL AUTO_INCREMENT,
  `entityId` int(12) NOT NULL,
  `schoolId` int(12) NOT NULL,
  `sessionYear` varchar(255) COLLATE utf8_unicode_ci NOT NULL,
  `examLevelId` int(12) NOT NULL,
  `reportTime` varchar(255) COLLATE utf8_unicode_ci NOT NULL,
  `examStartTime` varchar(255) COLLATE utf8_unicode_ci NOT NULL,
  `examEndTime` varchar(255) COLLATE utf8_unicode_ci NOT NULL,
  `deleted` int(2) NOT NULL DEFAULT '0',
  `status` int(2) NOT NULL DEFAULT '0',
  `updateCounter` int(12) NOT NULL DEFAULT '0',
  `created_at` timestamp NULL DEFAULT NULL,
  `updated_at` timestamp NULL DEFAULT NULL,
  PRIMARY KEY (`id`)
) ENGINE=InnoDB  DEFAULT CHARSET=utf8 COLLATE=utf8_unicode_ci AUTO_INCREMENT=6 ;

--
-- Dumping data for table `first_levels`
--

INSERT INTO `first_levels` (`id`, `entityId`, `schoolId`, `sessionYear`, `examLevelId`, `reportTime`, `examStartTime`, `examEndTime`, `deleted`, `status`, `updateCounter`, `created_at`, `updated_at`) VALUES
(1, 3, 1, '2016-2017', 0, '', '', '', 0, 0, 0, '2016-07-27 23:17:04', '2016-07-27 23:17:04'),
(2, 5, 2, '1', 0, '', '', '', 0, 0, 0, '2016-07-30 06:06:48', '2016-07-30 06:06:48'),
(3, 6, 3, '4', 0, '', '', '', 0, 0, 0, '2016-08-02 23:29:13', '2016-08-02 23:29:13'),
(4, 42, 4, '4', 0, '', '', '', 0, 0, 0, '2016-08-08 23:39:48', '2016-08-08 23:39:48'),
(5, 46, 5, '4', 0, '', '', '', 0, 0, 0, '2016-08-10 04:56:05', '2016-08-10 04:56:05');

-- --------------------------------------------------------

--
-- Table structure for table `items`
--

CREATE TABLE IF NOT EXISTS `items` (
  `id` int(12) NOT NULL AUTO_INCREMENT,
  `name` varchar(2000) NOT NULL,
  PRIMARY KEY (`id`)
) ENGINE=InnoDB  DEFAULT CHARSET=latin1 AUTO_INCREMENT=3 ;

--
-- Dumping data for table `items`
--

INSERT INTO `items` (`id`, `name`) VALUES
(1, 'hello new'),
(2, 'hello new');

-- --------------------------------------------------------

--
-- Table structure for table `locations`
--

CREATE TABLE IF NOT EXISTS `locations` (
  `locationId` int(10) unsigned NOT NULL AUTO_INCREMENT,
  `state_id` int(12) NOT NULL,
  `district_id` int(12) NOT NULL,
  `city_id` int(12) NOT NULL,
  `location` varchar(255) COLLATE utf8_unicode_ci NOT NULL,
  `deleted` int(11) NOT NULL,
  `status` int(11) NOT NULL,
  `updateCounter` int(12) NOT NULL DEFAULT '0',
  `created_at` timestamp NULL DEFAULT NULL,
  `updated_at` timestamp NULL DEFAULT NULL,
  PRIMARY KEY (`locationId`)
) ENGINE=InnoDB  DEFAULT CHARSET=utf8 COLLATE=utf8_unicode_ci AUTO_INCREMENT=16 ;

--
-- Dumping data for table `locations`
--

INSERT INTO `locations` (`locationId`, `state_id`, `district_id`, `city_id`, `location`, `deleted`, `status`, `updateCounter`, `created_at`, `updated_at`) VALUES
(10, 12, 139, 18, 'sindolai', 0, 0, 0, '2016-07-27 05:00:37', '2016-07-27 05:00:37'),
(11, 29, 485, 19, 'cosmo colony', 0, 0, 0, '2016-07-27 05:16:11', '2016-07-27 05:16:11'),
(12, 29, 485, 19, 'vijay nagar', 0, 0, 0, '2016-07-27 05:26:03', '2016-07-27 05:26:03'),
(13, 29, 485, 19, 'Joshi Marg', 0, 0, 0, '2016-07-28 00:03:38', '2016-07-28 00:03:38'),
(14, 29, 466, 20, 'KishanGarh', 0, 0, 0, '2016-07-28 03:35:02', '2016-07-28 03:35:02'),
(15, 28, 444, 20, 'parbutsir', 0, 0, 0, '2016-08-08 23:26:11', '2016-08-08 23:26:11');

-- --------------------------------------------------------

--
-- Table structure for table `master_answer`
--

CREATE TABLE IF NOT EXISTS `master_answer` (
  `answerId` int(11) NOT NULL AUTO_INCREMENT,
  `answerText` varchar(500) NOT NULL,
  `deleted` int(2) NOT NULL DEFAULT '0',
  `status` int(11) NOT NULL DEFAULT '0',
  `updateCounter` int(11) NOT NULL,
  `created_at` timestamp NOT NULL,
  `updated_at` timestamp NOT NULL,
  PRIMARY KEY (`answerId`)
) ENGINE=InnoDB  DEFAULT CHARSET=latin1 AUTO_INCREMENT=6 ;

--
-- Dumping data for table `master_answer`
--

INSERT INTO `master_answer` (`answerId`, `answerText`, `deleted`, `status`, `updateCounter`, `created_at`, `updated_at`) VALUES
(1, 'A', 0, 0, 0, '0000-00-00 00:00:00', '0000-00-00 00:00:00'),
(2, 'B', 0, 0, 0, '0000-00-00 00:00:00', '0000-00-00 00:00:00'),
(3, 'C', 0, 0, 0, '0000-00-00 00:00:00', '0000-00-00 00:00:00'),
(4, 'D', 0, 0, 0, '0000-00-00 00:00:00', '0000-00-00 00:00:00'),
(5, 'E', 0, 0, 0, '0000-00-00 00:00:00', '0000-00-00 00:00:00');

-- --------------------------------------------------------

--
-- Table structure for table `master_question`
--

CREATE TABLE IF NOT EXISTS `master_question` (
  `questionId` int(11) NOT NULL AUTO_INCREMENT,
  `questionNumber` int(11) NOT NULL,
  `text` varchar(5000) NOT NULL,
  `section` varchar(100) NOT NULL,
  `stream` varchar(500) NOT NULL,
  `marks` int(5) NOT NULL,
  `questionType` varchar(500) NOT NULL,
  `updateCounter` int(5) NOT NULL,
  `created_at` timestamp NOT NULL,
  `updated_at` timestamp NOT NULL,
  `deleted` int(5) NOT NULL DEFAULT '0',
  `status` int(5) NOT NULL DEFAULT '0',
  PRIMARY KEY (`questionId`)
) ENGINE=InnoDB  DEFAULT CHARSET=latin1 AUTO_INCREMENT=36 ;

--
-- Dumping data for table `master_question`
--

INSERT INTO `master_question` (`questionId`, `questionNumber`, `text`, `section`, `stream`, `marks`, `questionType`, `updateCounter`, `created_at`, `updated_at`, `deleted`, `status`) VALUES
(19, 0, 'This is the sample question yyyyyy', 'Analytical Reasoning', 'PSO', 1, 'single', 0, '2016-10-05 04:47:21', '2016-10-05 04:47:21', 0, 0),
(20, 0, 'This is the sample question ?oo', 'Analytical Reasoning', 'PSO', 1, 'single', 0, '2016-10-05 04:47:21', '2016-10-05 04:47:21', 0, 0),
(21, 0, 'This is the sample question ?', 'Analytical Reasoning', 'PSO', 1, 'single', 0, '2016-10-05 04:47:22', '2016-10-05 04:47:22', 0, 0),
(22, 0, 'This is the sample question ?latest', 'Analytical Reasoning', 'PSO', 1, 'single', 0, '2016-10-05 04:47:22', '2016-10-05 04:47:22', 0, 0),
(23, 0, 'sdfsfsfsfs', 'Quest Zone', 'PSO', 3, 'single', 0, '2016-10-05 04:47:22', '2016-10-05 04:47:22', 0, 0),
(24, 0, 'This is the sample question ?sdasdadasds', 'Quest Zone', 'PSO', 3, 'single', 0, '2016-10-05 04:47:22', '2016-10-05 04:47:22', 0, 0),
(25, 0, 'This is the sample question ?mm', 'Quest Zone', 'PSO', 3, 'single', 0, '2016-10-05 04:47:23', '2016-10-05 04:47:23', 0, 0),
(26, 0, 'sssssewrwerwrwr', 'Quest Zone', 'PSO', 3, 'single', 0, '2016-10-05 04:47:23', '2016-10-05 04:47:23', 0, 0),
(27, 0, 'This is the sample question ?aaaaaaaaaaa', 'Analytical Reasoning', 'PMO', 1, 'single', 0, '2016-10-05 04:47:23', '2016-10-05 04:47:23', 0, 0),
(28, 0, 'This is the sample question ?qqqqqqqqqqqqq', 'Everyday Mathematical Reasoning', 'PMO', 1, 'single', 0, '2016-10-05 04:47:23', '2016-10-05 04:47:23', 0, 0),
(29, 0, 'This is the sample question ?11111111111', 'Everyday Mathematical Reasoning', 'PMO', 1, 'single', 0, '2016-10-05 04:47:23', '2016-10-05 04:47:23', 0, 0),
(30, 0, 'ssssssssssss', 'Everyday Mathematical Reasoning', 'PMO', 1, 'single', 0, '2016-10-05 04:47:24', '2016-10-05 04:47:24', 0, 0),
(31, 0, 'This is the sample question ? Ooooooooooooooo', 'Everyday Mathematical Reasoning', 'PMO', 1, 'single', 0, '2016-10-05 04:47:24', '2016-10-05 04:47:24', 0, 0),
(32, 0, 'This is the sample question ?gffhgfgfhfhfhfh', 'Quest Zone', 'PMO', 3, 'single', 0, '2016-10-05 04:47:24', '2016-10-05 04:47:24', 0, 0),
(33, 0, 'This is the sample question ?yyyyyyyyyyyyyyyyyyy', 'Quest Zone', 'PMO', 3, 'single', 0, '2016-10-05 04:47:24', '2016-10-05 04:47:24', 0, 0),
(34, 0, 'This is the sample question ?7777777777', 'Analytical Reasoning', 'PSO', 1, 'single', 0, '2016-10-09 23:18:53', '2016-10-09 23:18:53', 0, 0),
(35, 0, 'This is the sample question ?aaaaaaaaaaaaaaaaaaaaaaaaaaaa', 'Analytical Reasoning', 'PSO', 1, 'single', 0, '2016-10-09 23:20:29', '2016-10-09 23:20:29', 0, 0);

-- --------------------------------------------------------

--
-- Table structure for table `migrations`
--

CREATE TABLE IF NOT EXISTS `migrations` (
  `migration` varchar(255) COLLATE utf8_unicode_ci NOT NULL,
  `batch` int(11) NOT NULL
) ENGINE=InnoDB DEFAULT CHARSET=utf8 COLLATE=utf8_unicode_ci;

--
-- Dumping data for table `migrations`
--

INSERT INTO `migrations` (`migration`, `batch`) VALUES
('2014_10_12_000000_create_users_table', 1),
('2016_07_01_113705_add_paid_to_employees', 2),
('2016_07_01_114602_add_mobileNo_to_employees', 3),
('2016_07_01_115120_add_mobileNo_to_employees', 4),
('2016_07_08_092358_create_schooles_table', 5),
('2016_07_16_034440_create_fees_table', 6),
('2016_07_16_054054_create_students_table', 7),
('2016_07_19_041522_create_first_levels_table', 8),
('2016_10_01_073026_create_question_sets_table', 9);

-- --------------------------------------------------------

--
-- Table structure for table `module_configs`
--

CREATE TABLE IF NOT EXISTS `module_configs` (
  `id` int(10) unsigned NOT NULL AUTO_INCREMENT,
  `designationId` int(11) NOT NULL,
  `moduleType` int(11) NOT NULL,
  `name` varchar(255) COLLATE utf8_unicode_ci NOT NULL,
  `image` varchar(255) COLLATE utf8_unicode_ci NOT NULL,
  `muduleLink` varchar(255) COLLATE utf8_unicode_ci NOT NULL,
  `activeData` varchar(255) COLLATE utf8_unicode_ci NOT NULL,
  `title` varchar(255) COLLATE utf8_unicode_ci NOT NULL,
  `text` varchar(255) COLLATE utf8_unicode_ci NOT NULL,
  `deleted` int(2) NOT NULL DEFAULT '0',
  `status` int(2) NOT NULL DEFAULT '0',
  `created_at` timestamp NULL DEFAULT NULL,
  `updated_at` timestamp NULL DEFAULT NULL,
  PRIMARY KEY (`id`)
) ENGINE=InnoDB  DEFAULT CHARSET=utf8 COLLATE=utf8_unicode_ci AUTO_INCREMENT=20 ;

--
-- Dumping data for table `module_configs`
--

INSERT INTO `module_configs` (`id`, `designationId`, `moduleType`, `name`, `image`, `muduleLink`, `activeData`, `title`, `text`, `deleted`, `status`, `created_at`, `updated_at`) VALUES
(1, 0, 1, 'State Name', 'fa fa-flag-o fa-2x', '/state', 'Y', '0', '', 0, 0, '2016-07-25 17:17:05', '2016-07-25 17:17:05'),
(2, 0, 1, 'Add city', 'fa fa-flag-o fa-2x', '/citys', 'Y', '3', '', 0, 0, '2016-07-25 18:48:47', '2016-07-25 18:48:47'),
(3, 0, 1, 'Add Class', 'fa fa-flag-o fa-2x', '/class-name', 'Y', '5', '', 0, 0, '2016-07-26 18:26:13', '2016-07-27 17:24:35'),
(4, 0, 1, ' District Name', 'fa fa-flag-o fa-2x', '/district', '', '2', '', 0, 0, '2016-07-26 21:32:18', '2016-07-26 21:32:18'),
(5, 1, 1, 'Add Locations', 'fa fa-flag-o fa-2x', 'locations', '', '4', '', 0, 0, '2016-07-26 21:37:32', '2016-07-27 17:55:28'),
(6, 0, 1, 'Add Designation', 'fa fa-user-secret fa-2x', '/designations', '', '6', '', 0, 0, '2016-07-27 00:12:54', '2016-07-27 00:17:07'),
(7, 0, 1, ' Employee Management', 'fa fa-user fa-2x', '/employee', '', '7', '', 0, 0, '2016-07-27 00:14:00', '2016-07-27 00:17:16'),
(8, 0, 1, ' Manage Teams', 'fa fa-users fa-2x', '/team', '', '7', '', 0, 0, '2016-07-27 00:15:15', '2016-07-27 00:15:15'),
(9, 0, 1, 'Manage Schools', 'fa fa-user fa-2x', '/schools', '', '7', '', 0, 0, '2016-07-27 00:16:56', '2016-07-27 00:16:56'),
(10, 0, 1, 'Change State ', 'fa fa-flag-o fa-2x', '/statelist', '', '6', '', 0, 0, '2016-07-27 18:01:41', '2016-07-27 18:03:01'),
(11, 0, 2, 'School Profile', '', '/schools', '', '1', '', 0, 0, '2016-07-27 18:20:43', '2016-07-27 18:20:43'),
(12, 0, 2, ' Book Detail', '', '/book-details', '', '6', '', 0, 0, '2016-07-27 18:38:43', '2016-07-27 18:38:43'),
(13, 0, 2, 'No. Of Students From School', '', '/student-count', '', '5', '', 0, 0, '2016-07-27 18:39:57', '2016-07-27 18:39:57'),
(14, 0, 2, 'Payment Mode', '', '/payments', '', '5', '', 0, 0, '2016-07-27 18:45:08', '2016-07-27 18:45:08'),
(15, 0, 2, 'Fees', '', '/fees', '', '1', '', 0, 0, '2016-07-27 18:45:54', '2016-07-27 18:45:54'),
(16, 0, 2, 'Student Registration', '', '/student', '', '1', '', 0, 0, '2016-07-27 18:46:39', '2016-07-27 18:46:39'),
(17, 0, 2, 'First Level Exam Time', '', '/first-level', '', '1', '', 0, 0, '2016-07-27 18:47:25', '2016-07-27 18:47:25'),
(18, 0, 1, 'Add Session Year', 'fa fa-flag-o fa-2x', '/session-year', 'Y', '6', '', 0, 0, '2016-07-26 18:26:13', '2016-07-27 17:24:35'),
(19, 0, 1, 'Class Section', 'fa fa-flag-o fa-2x', '/class-section', 'Y', '6', '', 0, 0, '2016-07-26 18:26:13', '2016-07-27 17:24:35');

-- --------------------------------------------------------

--
-- Table structure for table `password_resets`
--

CREATE TABLE IF NOT EXISTS `password_resets` (
  `email` varchar(255) COLLATE utf8_unicode_ci NOT NULL,
  `token` varchar(255) COLLATE utf8_unicode_ci NOT NULL,
  `created_at` timestamp NULL DEFAULT NULL,
  KEY `password_resets_email_index` (`email`),
  KEY `password_resets_token_index` (`token`)
) ENGINE=InnoDB DEFAULT CHARSET=utf8 COLLATE=utf8_unicode_ci;

--
-- Dumping data for table `password_resets`
--

INSERT INTO `password_resets` (`email`, `token`, `created_at`) VALUES
('ram@bel-technology.com', '4529b813cfcf3708d670d2a4bb38f59c3106a79942749a124790f6c7fe81e239', '2016-07-07 22:59:56'),
('admin@pof.com', 'f24512ff3324e8fffa62eed921670dcf0b0c5e3ab5f97fe683d6004258832358', '2016-07-21 01:50:31'),
('ravi@bel-technology.com', 'ec1d1917b78daeb1f6200d8f392d152a92b4848a1f2dec6c97d3229110d38e34', '2016-08-11 03:28:45');

-- --------------------------------------------------------

--
-- Table structure for table `payments`
--

CREATE TABLE IF NOT EXISTS `payments` (
  `id` int(10) unsigned NOT NULL AUTO_INCREMENT,
  `entityId` int(11) NOT NULL,
  `schoolId` int(11) NOT NULL,
  `sessionYear` varchar(100) COLLATE utf8_unicode_ci NOT NULL,
  `paymentModeId` int(11) NOT NULL,
  `examLevelId` int(11) NOT NULL,
  `paymentDate` varchar(255) COLLATE utf8_unicode_ci NOT NULL,
  `modeRefNo` int(15) NOT NULL,
  `paymentStatus` int(2) NOT NULL DEFAULT '0',
  `deleted` int(2) NOT NULL DEFAULT '0',
  `status` int(2) NOT NULL DEFAULT '0',
  `updateCounter` int(12) NOT NULL DEFAULT '0',
  `created_at` timestamp NULL DEFAULT NULL,
  `updated_at` timestamp NULL DEFAULT NULL,
  PRIMARY KEY (`id`)
) ENGINE=InnoDB  DEFAULT CHARSET=utf8 COLLATE=utf8_unicode_ci AUTO_INCREMENT=6 ;

--
-- Dumping data for table `payments`
--

INSERT INTO `payments` (`id`, `entityId`, `schoolId`, `sessionYear`, `paymentModeId`, `examLevelId`, `paymentDate`, `modeRefNo`, `paymentStatus`, `deleted`, `status`, `updateCounter`, `created_at`, `updated_at`) VALUES
(1, 3, 1, '2016-2017', 3, 1, '29/07/2016', 0, 1, 0, 0, 65, '2016-07-27 23:17:04', '2016-07-27 23:17:04'),
(2, 5, 2, '1', 3, 1, '30/07/2016', 0, 1, 0, 0, 2, '2016-07-30 06:06:47', '2016-07-30 06:06:47'),
(3, 6, 3, '4', 0, 0, '', 0, 0, 0, 0, 0, '2016-08-02 23:29:12', '2016-08-02 23:29:12'),
(4, 42, 4, '4', 0, 0, '', 0, 0, 0, 0, 0, '2016-08-08 23:39:47', '2016-08-08 23:39:47'),
(5, 46, 5, '4', 0, 0, '', 0, 0, 0, 0, 0, '2016-08-10 04:56:04', '2016-08-10 04:56:04');

-- --------------------------------------------------------

--
-- Table structure for table `payment_modes`
--

CREATE TABLE IF NOT EXISTS `payment_modes` (
  `id` int(10) unsigned NOT NULL AUTO_INCREMENT,
  `paymentMode` varchar(255) NOT NULL,
  `deleted` int(2) NOT NULL DEFAULT '0',
  `status` int(2) NOT NULL DEFAULT '0',
  `created_at` timestamp NOT NULL DEFAULT CURRENT_TIMESTAMP,
  `updated_at` timestamp NOT NULL DEFAULT CURRENT_TIMESTAMP,
  PRIMARY KEY (`id`)
) ENGINE=InnoDB  DEFAULT CHARSET=latin1 AUTO_INCREMENT=6 ;

--
-- Dumping data for table `payment_modes`
--

INSERT INTO `payment_modes` (`id`, `paymentMode`, `deleted`, `status`, `created_at`, `updated_at`) VALUES
(1, 'Cheque', 0, 0, '2016-07-15 06:54:51', '2016-07-15 06:54:51'),
(2, 'DD', 0, 0, '2016-07-15 06:54:51', '2016-07-15 06:54:51'),
(3, 'RTGS', 0, 0, '2016-07-15 06:55:50', '2016-07-15 06:55:50'),
(4, 'NEFT', 0, 0, '2016-07-15 06:55:50', '2016-07-15 06:55:50'),
(5, 'Cash', 0, 0, '2016-07-19 06:19:13', '2016-07-19 06:19:13');

-- --------------------------------------------------------

--
-- Table structure for table `phones`
--

CREATE TABLE IF NOT EXISTS `phones` (
  `phoneId` int(12) NOT NULL AUTO_INCREMENT,
  `entityId` int(11) NOT NULL,
  `primaryNumber` varchar(15) NOT NULL,
  `secondaryNumber` varchar(15) NOT NULL,
  `deleted` int(2) NOT NULL DEFAULT '0',
  `status` int(2) NOT NULL DEFAULT '0',
  `updateCounter` int(12) NOT NULL DEFAULT '0',
  `created_at` timestamp NOT NULL DEFAULT CURRENT_TIMESTAMP,
  `updated_at` timestamp NOT NULL DEFAULT CURRENT_TIMESTAMP,
  PRIMARY KEY (`phoneId`)
) ENGINE=InnoDB  DEFAULT CHARSET=latin1 AUTO_INCREMENT=67 ;

--
-- Dumping data for table `phones`
--

INSERT INTO `phones` (`phoneId`, `entityId`, `primaryNumber`, `secondaryNumber`, `deleted`, `status`, `updateCounter`, `created_at`, `updated_at`) VALUES
(52, 1, '5646546545', '564654564654', 0, 0, 1, '2016-07-27 05:02:02', '2016-07-27 05:02:02'),
(53, 2, '7792834063', '564654564654', 0, 0, 9, '2016-07-27 05:29:02', '2016-08-10 03:01:12'),
(54, 3, '5646546545', '564654564654', 0, 0, 4, '2016-07-27 23:17:05', '2016-07-27 23:17:05'),
(55, 4, '5646546545', '564654564654', 0, 0, 1, '2016-07-29 00:54:54', '2016-07-29 00:54:54'),
(56, 5, '5646546545', '564654564654', 0, 0, 0, '2016-07-30 06:06:48', '2016-07-30 06:06:48'),
(57, 6, '7792834063', '9166446392', 0, 0, 11, '2016-08-02 23:29:14', '2016-08-02 23:29:14'),
(58, 41, '9166446392', '7792834063', 0, 0, 0, '2016-08-08 23:28:12', '2016-08-08 23:28:12'),
(59, 42, '7792834063', '7792834063', 0, 0, 0, '2016-08-08 23:39:49', '2016-08-08 23:39:49'),
(60, 43, '7792834063', '7792834063', 0, 0, 2, '2016-08-10 03:44:03', '2016-08-10 03:44:03'),
(61, 44, '9166446392', '7792834063', 1, 0, 0, '2016-08-10 03:45:40', '2016-08-10 03:45:40'),
(62, 45, '7792834063', '7792834063', 0, 0, 1, '2016-08-10 03:48:44', '2016-08-10 03:48:44'),
(63, 46, '7792834063', '7792834063', 0, 0, 2, '2016-08-10 04:56:06', '2016-08-10 04:56:06'),
(64, 48, '7792834063', '9166446392', 0, 0, 0, '2016-08-19 23:03:52', '2016-08-19 23:03:52'),
(65, 49, '7792834063', '9166446392', 0, 0, 0, '2016-08-22 02:01:28', '2016-08-22 02:01:28'),
(66, 50, '7792834063', '9166446392', 0, 0, 2, '2016-08-22 03:03:20', '2016-08-22 03:03:20');

-- --------------------------------------------------------

--
-- Table structure for table `questionclassmapping`
--

CREATE TABLE IF NOT EXISTS `questionclassmapping` (
  `classMapId` int(11) NOT NULL AUTO_INCREMENT,
  `classId` int(11) NOT NULL,
  `setId` int(11) NOT NULL,
  `questionId` int(11) NOT NULL,
  `status` int(2) NOT NULL,
  `deleted` int(2) NOT NULL DEFAULT '0',
  `created_at` timestamp NOT NULL,
  `updated_at` timestamp NOT NULL,
  `updateCounter` int(11) NOT NULL DEFAULT '0',
  `order` int(11) NOT NULL,
  PRIMARY KEY (`classMapId`)
) ENGINE=InnoDB  DEFAULT CHARSET=latin1 AUTO_INCREMENT=29 ;

--
-- Dumping data for table `questionclassmapping`
--

INSERT INTO `questionclassmapping` (`classMapId`, `classId`, `setId`, `questionId`, `status`, `deleted`, `created_at`, `updated_at`, `updateCounter`, `order`) VALUES
(7, 2, 19, 19, 0, 0, '2016-10-05 04:47:21', '2016-10-05 04:47:21', 0, 0),
(8, 2, 20, 20, 0, 0, '2016-10-05 04:47:21', '2016-10-05 04:47:21', 0, 0),
(9, 2, 21, 21, 0, 0, '2016-10-05 04:47:22', '2016-10-05 04:47:22', 0, 0),
(10, 2, 22, 22, 0, 0, '2016-10-05 04:47:22', '2016-10-05 04:47:22', 0, 0),
(11, 2, 23, 23, 0, 0, '2016-10-05 04:47:22', '2016-10-05 04:47:22', 0, 0),
(12, 2, 24, 24, 0, 0, '2016-10-05 04:47:23', '2016-10-05 04:47:23', 0, 0),
(13, 2, 25, 25, 0, 0, '2016-10-05 04:47:23', '2016-10-05 04:47:23', 0, 0),
(14, 2, 26, 26, 0, 0, '2016-10-05 04:47:23', '2016-10-05 04:47:23', 0, 0),
(15, 2, 27, 27, 0, 0, '2016-10-05 04:47:23', '2016-10-05 04:47:23', 0, 0),
(16, 2, 28, 28, 0, 0, '2016-10-05 04:47:23', '2016-10-05 04:47:23', 0, 0),
(17, 2, 29, 29, 0, 0, '2016-10-05 04:47:24', '2016-10-05 04:47:24', 0, 0),
(18, 2, 30, 30, 0, 0, '2016-10-05 04:47:24', '2016-10-05 04:47:24', 0, 0),
(19, 2, 31, 31, 0, 0, '2016-10-05 04:47:24', '2016-10-05 04:47:24', 0, 0),
(20, 2, 32, 32, 0, 0, '2016-10-05 04:47:24', '2016-10-05 04:47:24', 0, 0),
(21, 2, 33, 33, 0, 0, '2016-10-05 04:47:24', '2016-10-05 04:47:24', 0, 0),
(22, 5, 21, 21, 0, 0, '2016-10-06 00:13:34', '2016-10-06 00:13:34', 0, 0),
(23, 2, 34, 24, 0, 0, '2016-10-06 00:13:34', '2016-10-06 00:13:34', 0, 0),
(24, 4, 33, 33, 0, 0, '2016-10-06 00:13:35', '2016-10-06 00:13:35', 0, 0),
(25, 2, 35, 21, 0, 0, '2016-10-06 00:54:03', '2016-10-06 00:54:03', 0, 0),
(26, 4, 21, 21, 0, 0, '2016-10-06 00:54:03', '2016-10-06 00:54:03', 0, 0),
(27, 2, 36, 34, 0, 0, '2016-10-09 23:18:53', '2016-10-09 23:18:53', 0, 0),
(28, 2, 37, 35, 0, 0, '2016-10-09 23:20:30', '2016-10-09 23:20:30', 0, 5);

-- --------------------------------------------------------

--
-- Table structure for table `question_sets`
--

CREATE TABLE IF NOT EXISTS `question_sets` (
  `id` int(10) unsigned NOT NULL AUTO_INCREMENT,
  `questionId` int(11) NOT NULL,
  `set` varchar(500) COLLATE utf8_unicode_ci NOT NULL,
  `updateCounter` int(11) NOT NULL,
  `status` int(11) NOT NULL,
  `deleted` int(11) NOT NULL,
  `created_at` timestamp NULL DEFAULT NULL,
  `updated_at` timestamp NULL DEFAULT NULL,
  PRIMARY KEY (`id`)
) ENGINE=InnoDB  DEFAULT CHARSET=utf8 COLLATE=utf8_unicode_ci AUTO_INCREMENT=38 ;

--
-- Dumping data for table `question_sets`
--

INSERT INTO `question_sets` (`id`, `questionId`, `set`, `updateCounter`, `status`, `deleted`, `created_at`, `updated_at`) VALUES
(19, 19, 'A', 0, 0, 0, '2016-10-05 04:47:21', '2016-10-05 04:47:21'),
(20, 20, 'A', 0, 0, 0, '2016-10-05 04:47:21', '2016-10-05 04:47:21'),
(21, 21, 'A', 0, 0, 0, '2016-10-05 04:47:22', '2016-10-05 04:47:22'),
(22, 22, 'A', 0, 0, 0, '2016-10-05 04:47:22', '2016-10-05 04:47:22'),
(23, 23, 'A', 0, 0, 0, '2016-10-05 04:47:22', '2016-10-05 04:47:22'),
(24, 24, 'A', 0, 0, 0, '2016-10-05 04:47:23', '2016-10-05 04:47:23'),
(25, 25, 'A', 0, 0, 0, '2016-10-05 04:47:23', '2016-10-05 04:47:23'),
(26, 26, 'A', 0, 0, 0, '2016-10-05 04:47:23', '2016-10-05 04:47:23'),
(27, 27, 'A', 0, 0, 0, '2016-10-05 04:47:23', '2016-10-05 04:47:23'),
(28, 28, 'A', 0, 0, 0, '2016-10-05 04:47:23', '2016-10-05 04:47:23'),
(29, 29, 'A', 0, 0, 0, '2016-10-05 04:47:24', '2016-10-05 04:47:24'),
(30, 30, 'A', 0, 0, 0, '2016-10-05 04:47:24', '2016-10-05 04:47:24'),
(31, 31, 'A', 0, 0, 0, '2016-10-05 04:47:24', '2016-10-05 04:47:24'),
(32, 32, 'A', 0, 0, 0, '2016-10-05 04:47:24', '2016-10-05 04:47:24'),
(33, 33, 'A', 0, 0, 0, '2016-10-05 04:47:24', '2016-10-05 04:47:24'),
(34, 24, 'B', 0, 0, 0, '2016-10-05 22:49:30', '2016-10-05 22:49:30'),
(35, 21, 'B', 0, 0, 0, '2016-10-06 00:54:03', '2016-10-06 00:54:03'),
(36, 34, 'A', 0, 0, 0, '2016-10-09 23:18:53', '2016-10-09 23:18:53'),
(37, 35, 'B', 0, 0, 0, '2016-10-09 23:20:30', '2016-10-09 23:20:30');

-- --------------------------------------------------------

--
-- Table structure for table `schools`
--

CREATE TABLE IF NOT EXISTS `schools` (
  `id` int(10) unsigned NOT NULL AUTO_INCREMENT,
  `entityId` int(11) NOT NULL,
  `sessionYear` varchar(255) COLLATE utf8_unicode_ci NOT NULL,
  `posterDistributionDate` varchar(255) COLLATE utf8_unicode_ci NOT NULL,
  `closingDate` varchar(255) COLLATE utf8_unicode_ci NOT NULL,
  `formNo` varchar(255) COLLATE utf8_unicode_ci NOT NULL,
  `schoolName` varchar(255) COLLATE utf8_unicode_ci NOT NULL,
  `principalName` varchar(255) COLLATE utf8_unicode_ci NOT NULL,
  `principalMobile` varchar(255) COLLATE utf8_unicode_ci NOT NULL,
  `principalEmail` varchar(255) COLLATE utf8_unicode_ci NOT NULL,
  `principalGift` int(2) NOT NULL,
  `firstCoordinatorName` varchar(255) COLLATE utf8_unicode_ci NOT NULL,
  `firstCoordinatorMobile` varchar(255) COLLATE utf8_unicode_ci NOT NULL,
  `firstCoordinatorEmail` varchar(255) COLLATE utf8_unicode_ci NOT NULL,
  `secondCoordinator` varchar(255) COLLATE utf8_unicode_ci NOT NULL,
  `secondCoordinatorMobile` varchar(255) COLLATE utf8_unicode_ci NOT NULL,
  `secondCoordinatorEmail` varchar(255) COLLATE utf8_unicode_ci NOT NULL,
  `coordinatorGift` int(2) NOT NULL,
  `PMOExamDate` varchar(255) COLLATE utf8_unicode_ci NOT NULL,
  `PSOExamDate` varchar(255) COLLATE utf8_unicode_ci NOT NULL,
  `schoolcode` varchar(255) COLLATE utf8_unicode_ci NOT NULL,
  `uniqueSchoolCode` varchar(255) COLLATE utf8_unicode_ci NOT NULL,
  `teamCode` varchar(255) COLLATE utf8_unicode_ci NOT NULL,
  `employeeCode` varchar(255) COLLATE utf8_unicode_ci NOT NULL,
  `employeeMobileType` varchar(255) COLLATE utf8_unicode_ci NOT NULL,
  `schoolTotalStrength` varchar(255) COLLATE utf8_unicode_ci NOT NULL,
  `classStrength` varchar(255) COLLATE utf8_unicode_ci NOT NULL,
  `followUpDate` varchar(255) COLLATE utf8_unicode_ci NOT NULL,
  `callStatus` varchar(255) COLLATE utf8_unicode_ci NOT NULL,
  `posterDistributed` varchar(255) COLLATE utf8_unicode_ci NOT NULL,
  `KMS` varchar(255) COLLATE utf8_unicode_ci NOT NULL,
  `remarks` varchar(255) COLLATE utf8_unicode_ci NOT NULL,
  `activationSchool` int(2) NOT NULL DEFAULT '1',
  `deleted` int(2) NOT NULL DEFAULT '0',
  `status` int(2) NOT NULL DEFAULT '0',
  `updateCounter` int(12) NOT NULL DEFAULT '0',
  `created_at` timestamp NULL DEFAULT NULL,
  `updated_at` timestamp NULL DEFAULT NULL,
  PRIMARY KEY (`id`)
) ENGINE=InnoDB  DEFAULT CHARSET=utf8 COLLATE=utf8_unicode_ci AUTO_INCREMENT=6 ;

--
-- Dumping data for table `schools`
--

INSERT INTO `schools` (`id`, `entityId`, `sessionYear`, `posterDistributionDate`, `closingDate`, `formNo`, `schoolName`, `principalName`, `principalMobile`, `principalEmail`, `principalGift`, `firstCoordinatorName`, `firstCoordinatorMobile`, `firstCoordinatorEmail`, `secondCoordinator`, `secondCoordinatorMobile`, `secondCoordinatorEmail`, `coordinatorGift`, `PMOExamDate`, `PSOExamDate`, `schoolcode`, `uniqueSchoolCode`, `teamCode`, `employeeCode`, `employeeMobileType`, `schoolTotalStrength`, `classStrength`, `followUpDate`, `callStatus`, `posterDistributed`, `KMS`, `remarks`, `activationSchool`, `deleted`, `status`, `updateCounter`, `created_at`, `updated_at`) VALUES
(1, 3, '2016-2017', '28/07/2016', '28/07/2016', '564465', 'jhghjgjg', 'hgh', 'jhg', 'jhgjh', 0, 'uyufhgfghfhgf', '65465454', 'test@test.com', 'jkhkjh', 'jhkj', 'hk', 0, '28/06/2016', '07/07/2016', '302010', 'SCHOOL', '3', '3', 'secondary', '10000', '500', '28/07/2016', '3', '2015', '20', 'nice', 1, 0, 0, 4, '2016-07-27 23:17:04', '2016-07-29 05:25:20'),
(2, 5, '1', '30/07/2016', '30/07/2016', '564465', 'tagor public', 'hgh', 'jhg', 'jhgjh', 0, 'uyufhgfghfhgf', '65465454', 'test@test.com', 'jkhkjh', '5456465465465', 'hk@testmail.com', 0, '30/07/2016', '30/07/2016', '302010', 'SCHOOL2', '2', '2', 'secondary', '321456789', '5000', '30/07/2016', '1', '2015', '20', 'hjghghgh', 1, 0, 0, 0, '2016-07-30 06:06:47', '2016-07-30 06:06:47'),
(3, 6, '4', '03/08/2016', '03/08/2016', 'demo 001', 'tagor public', 'RKK', '7792834063', 'ravi@bel-technology.com', 0, 'RKumawat', '7792834063', 'test@test.com', 'SKK', '7792834063', 'ravi@bel-technology.com', 0, '03/08/2016', '03/08/2016', '302010', 'RJPOF003', '2', '4', 'primary', '10000', '500', '30/07/2016', '1', '2015', '20', 'fsdfsdfsf', 1, 0, 0, 11, '2016-08-02 23:29:12', '2016-08-03 00:07:09'),
(4, 42, '4', '09/08/2016', '', '86789798', 'fdfgdgdfg', 'sdfsdfs', '7792834063', '7792834063', 0, '', '', '', '', '', '', 0, '', '', '', 'PBPOF004', '7', '41', 'primary', '5', '', '', '1', '', '', '', 1, 0, 0, 0, '2016-08-08 23:39:47', '2016-08-08 23:39:47'),
(5, 46, '4', '10/08/2016', '10/08/2016', '86789798', 'ravi school', 'sdfsdfs', '7792834063', '7792834063', 0, '', '', '', '', '', '', 0, '10/08/2016', '', '', 'RJPOF005', '2', '45', 'primary', '5', '', '', '1', '', '', '', 0, 0, 0, 2, '2016-08-10 04:56:04', '2016-08-10 04:56:04');

-- --------------------------------------------------------

--
-- Table structure for table `second_level_exams`
--

CREATE TABLE IF NOT EXISTS `second_level_exams` (
  `id` int(11) NOT NULL AUTO_INCREMENT,
  `examType` varchar(100) NOT NULL,
  `dateOfExam` varchar(100) NOT NULL,
  `reportingTime` varchar(100) NOT NULL,
  `examTime` varchar(100) NOT NULL,
  `created_at` timestamp NOT NULL,
  `updated_at` timestamp NOT NULL,
  PRIMARY KEY (`id`)
) ENGINE=InnoDB  DEFAULT CHARSET=latin1 AUTO_INCREMENT=3 ;

--
-- Dumping data for table `second_level_exams`
--

INSERT INTO `second_level_exams` (`id`, `examType`, `dateOfExam`, `reportingTime`, `examTime`, `created_at`, `updated_at`) VALUES
(1, 'pmo', '10/02/2016', '11:12 AM', '6:22 AM', '2016-09-15 06:47:27', '2016-09-15 22:43:52'),
(2, 'pso', '18/02/2016', '10:12 AM', '11:25 PM', '2016-09-15 22:01:33', '2016-09-15 22:43:02');

-- --------------------------------------------------------

--
-- Table structure for table `session_years`
--

CREATE TABLE IF NOT EXISTS `session_years` (
  `id` int(10) unsigned NOT NULL AUTO_INCREMENT,
  `sessionYear` varchar(255) COLLATE utf8_unicode_ci NOT NULL,
  `deleted` int(2) NOT NULL,
  `status` int(2) NOT NULL,
  `updateCounter` int(12) NOT NULL DEFAULT '0',
  `created_at` timestamp NULL DEFAULT NULL,
  `updated_at` timestamp NULL DEFAULT NULL,
  PRIMARY KEY (`id`)
) ENGINE=InnoDB  DEFAULT CHARSET=utf8 COLLATE=utf8_unicode_ci AUTO_INCREMENT=5 ;

--
-- Dumping data for table `session_years`
--

INSERT INTO `session_years` (`id`, `sessionYear`, `deleted`, `status`, `updateCounter`, `created_at`, `updated_at`) VALUES
(1, '2016-2017', 0, 1, 4, '2016-07-29 23:06:51', '2016-07-30 00:03:02'),
(4, '2017-2018', 0, 0, 0, '2016-07-30 06:18:37', '2016-07-30 06:18:37');

-- --------------------------------------------------------

--
-- Table structure for table `states`
--

CREATE TABLE IF NOT EXISTS `states` (
  `id` int(8) NOT NULL AUTO_INCREMENT,
  `stateName` varchar(100) NOT NULL,
  `deleted` int(2) NOT NULL,
  `status` int(2) NOT NULL,
  `updateCounter` int(12) NOT NULL DEFAULT '0',
  `created_at` timestamp NOT NULL DEFAULT CURRENT_TIMESTAMP,
  `updated_at` timestamp NOT NULL DEFAULT CURRENT_TIMESTAMP,
  PRIMARY KEY (`id`)
) ENGINE=InnoDB  DEFAULT CHARSET=latin1 AUTO_INCREMENT=36 ;

--
-- Dumping data for table `states`
--

INSERT INTO `states` (`id`, `stateName`, `deleted`, `status`, `updateCounter`, `created_at`, `updated_at`) VALUES
(1, 'Andaman and Nicobar (AN)', 0, 0, 1, '2016-07-04 05:44:32', '2016-07-04 22:31:04'),
(2, 'Andhra Pradesh (AP)', 0, 0, 7, '2016-07-04 05:44:32', '2016-07-26 02:38:01'),
(3, 'Arunachal Pradesh (AR)', 0, 0, 0, '2016-07-04 05:44:32', '2016-07-04 05:44:32'),
(4, 'Assam (AS)', 0, 0, 0, '2016-07-04 05:44:32', '2016-07-04 05:44:32'),
(5, 'Bihar (BR)', 0, 0, 0, '2016-07-04 05:44:32', '2016-07-04 05:44:32'),
(6, 'Chandigarh (CH)', 0, 0, 0, '2016-07-04 05:44:32', '2016-07-04 05:44:32'),
(7, 'Chhattisgarh (CG)', 0, 0, 0, '2016-07-04 05:44:32', '2016-07-04 05:44:32'),
(8, 'Dadra and Nagar Haveli (DN)', 0, 0, 0, '2016-07-04 05:44:32', '2016-07-04 05:44:32'),
(9, 'Daman and Diu (DD)', 0, 0, 0, '2016-07-04 05:44:32', '2016-07-04 05:44:32'),
(10, 'Delhi (DL)', 0, 0, 0, '2016-07-04 05:44:32', '2016-07-04 05:44:32'),
(11, 'Goa (GA)', 0, 0, 0, '2016-07-04 05:44:32', '2016-07-04 05:44:32'),
(12, 'Gujarat (GJ)', 0, 0, 0, '2016-07-04 05:44:32', '2016-07-04 05:44:32'),
(13, 'Haryana (HR)', 0, 0, 0, '2016-07-04 05:44:32', '2016-07-04 05:44:32'),
(14, 'Himachal Pradesh (HP)', 0, 0, 0, '2016-07-04 05:44:32', '2016-07-04 05:44:32'),
(15, 'Jammu and Kashmir (JK)', 0, 0, 0, '2016-07-04 05:44:32', '2016-07-04 05:44:32'),
(16, 'Jharkhand (JH)', 0, 0, 0, '2016-07-04 05:44:32', '2016-07-04 05:44:32'),
(17, 'Karnataka (KA)', 0, 0, 0, '2016-07-04 05:44:32', '2016-07-04 05:44:32'),
(18, 'Kerala (KL)', 0, 0, 0, '2016-07-04 05:44:32', '2016-07-04 05:44:32'),
(19, 'Lakshdweep (LD)', 0, 0, 0, '2016-07-04 05:44:32', '2016-07-04 05:44:32'),
(20, 'Madhya Pradesh (MP)', 0, 0, 0, '2016-07-04 05:44:32', '2016-07-04 05:44:32'),
(21, 'Maharashtra (MH)', 0, 0, 0, '2016-07-04 05:44:32', '2016-07-04 05:44:32'),
(22, 'Manipur (MN)', 0, 0, 0, '2016-07-04 05:44:32', '2016-07-04 05:44:32'),
(23, 'Meghalaya (ML)', 0, 0, 0, '2016-07-04 05:44:32', '2016-07-04 05:44:32'),
(24, 'Mizoram (MZ)', 0, 0, 0, '2016-07-04 05:44:32', '2016-07-04 05:44:32'),
(25, 'Nagaland (NL)', 0, 0, 0, '2016-07-04 05:44:32', '2016-07-04 05:44:32'),
(26, 'Odisha (OD)', 0, 0, 0, '2016-07-04 05:44:32', '2016-07-04 05:44:32'),
(27, 'Puducherry (PY)', 0, 0, 0, '2016-07-04 05:44:32', '2016-07-04 05:44:32'),
(28, 'Punjab (PB)', 0, 0, 0, '2016-07-04 05:44:32', '2016-07-04 05:44:32'),
(29, 'Rajasthan (RJ)', 0, 0, 0, '2016-07-04 05:44:32', '2016-07-04 05:44:32'),
(30, 'Sikkim (SK)', 0, 0, 0, '2016-07-04 05:44:32', '2016-07-04 05:44:32'),
(31, 'Tamil Nadu (TN)', 0, 0, 0, '2016-07-04 05:44:32', '2016-07-04 05:44:32'),
(32, 'Tripura (TR)', 0, 0, 0, '2016-07-04 05:44:32', '2016-07-04 05:44:32'),
(33, 'Uttar Pradesh (UP)', 0, 0, 0, '2016-07-04 05:44:32', '2016-07-04 05:44:32'),
(34, 'Uttarakhand (UK)', 0, 0, 0, '2016-07-04 05:44:32', '2016-07-04 05:44:32'),
(35, 'West Bengal (WB)', 0, 0, 0, '2016-07-04 05:44:32', '2016-07-04 05:44:32');

-- --------------------------------------------------------

--
-- Table structure for table `students`
--

CREATE TABLE IF NOT EXISTS `students` (
  `id` int(10) unsigned NOT NULL AUTO_INCREMENT,
  `entityId` int(12) NOT NULL,
  `schoolEntityId` int(12) NOT NULL,
  `sessionYear` varchar(255) COLLATE utf8_unicode_ci NOT NULL,
  `studentName` varchar(255) COLLATE utf8_unicode_ci NOT NULL,
  `fatherName` varchar(255) COLLATE utf8_unicode_ci NOT NULL,
  `dob` varchar(255) COLLATE utf8_unicode_ci NOT NULL,
  `classId` int(12) NOT NULL,
  `section` varchar(255) COLLATE utf8_unicode_ci NOT NULL,
  `pmo` int(2) NOT NULL DEFAULT '0',
  `pso` int(2) NOT NULL DEFAULT '0',
  `handicapped` int(12) NOT NULL,
  `rollNo` varchar(255) COLLATE utf8_unicode_ci NOT NULL,
  `deleted` int(2) NOT NULL DEFAULT '0',
  `status` int(2) NOT NULL DEFAULT '0',
  `attendance` int(5) DEFAULT '0',
  `updateCounter` int(12) NOT NULL DEFAULT '0',
  `created_at` timestamp NULL DEFAULT NULL,
  `updated_at` timestamp NULL DEFAULT NULL,
  PRIMARY KEY (`id`)
) ENGINE=InnoDB  DEFAULT CHARSET=utf8 COLLATE=utf8_unicode_ci AUTO_INCREMENT=37 ;

--
-- Dumping data for table `students`
--

INSERT INTO `students` (`id`, `entityId`, `schoolEntityId`, `sessionYear`, `studentName`, `fatherName`, `dob`, `classId`, `section`, `pmo`, `pso`, `handicapped`, `rollNo`, `deleted`, `status`, `attendance`, `updateCounter`, `created_at`, `updated_at`) VALUES
(1, 7, 6, '4', 'Ravi', 'GKKK', '04/08/2016', 2, '1', 1, 1, 0, 'RJ003-03-001', 0, 0, 1, 1, '2016-08-04 06:19:10', '2016-08-08 04:35:37'),
(2, 8, 6, '4', 'Shyam', 'VKK', '04/08/2016', 2, '1', 0, 1, 0, 'RJ003-03-002', 0, 0, 0, 2, '2016-08-04 06:22:27', '2016-08-05 00:47:50'),
(3, 9, 6, '4', 'Shyam', 'dgdgdfgd       ', '05/08/2016', 4, '2', 1, 0, 0, 'RJ003-04-001', 0, 0, 1, 0, '2016-08-04 22:03:56', '2016-08-04 22:03:56'),
(4, 10, 6, '4', 'swati', 'rsrsr', '05/08/2016', 5, '1', 1, 0, 0, 'RJ003-05-001', 0, 0, 0, 0, '2016-08-05 00:33:33', '2016-08-05 00:33:33'),
(5, 11, 6, '4', 'swati', 'dgdgdfgd       ', '05/08/2016', 5, '1', 1, 0, 0, 'RJ003-05-002', 0, 0, 0, 0, '2016-08-05 00:34:16', '2016-08-05 00:34:16'),
(6, 12, 6, '4', 'vikram', 'vkkk', '05/08/2016', 4, '1', 1, 1, 0, 'RJ003-04-002', 0, 0, 1, 0, '2016-08-05 00:40:12', '2016-08-05 00:40:12'),
(7, 13, 6, '4', 'a', 'test', '08/08/2016', 6, '1', 1, 0, 1, 'RJ003-06-001', 0, 0, 1, 0, '2016-08-07 23:23:47', '2016-08-07 23:23:47'),
(8, 14, 6, '4', 'b', 'testB', '08/08/2016', 6, '1', 0, 1, 1, 'RJ003-06-002', 0, 0, 0, 0, '2016-08-07 23:24:15', '2016-08-07 23:24:15'),
(9, 15, 6, '4', 'c', 'testB', '08/08/2016', 7, '2', 0, 1, 0, 'RJ003-07-001', 0, 0, 1, 0, '2016-08-07 23:24:35', '2016-08-07 23:24:35'),
(10, 16, 6, '4', 'd', 'testD', '08/08/2016', 8, '1', 1, 1, 0, 'RJ003-08-001', 0, 0, 1, 0, '2016-08-07 23:24:57', '2016-08-07 23:24:57'),
(11, 17, 6, '4', 'e', 'testE', '08/08/2016', 9, '1', 1, 0, 0, 'RJ003-09-001', 0, 0, 1, 0, '2016-08-07 23:25:39', '2016-08-07 23:25:39'),
(12, 18, 6, '4', 'G', 'testG', '08/08/2016', 10, '1', 1, 1, 0, 'RJ003-10-001', 0, 0, 1, 0, '2016-08-07 23:26:11', '2016-08-07 23:26:11'),
(13, 19, 6, '4', 'f', 'testB', '08/08/2016', 2, '1', 1, 0, 0, 'RJ003-03-003', 0, 0, 1, 0, '2016-08-08 02:01:00', '2016-08-08 02:01:00'),
(14, 20, 6, '4', 'h', 'testB', '08/08/2016', 2, '1', 0, 1, 0, 'RJ003-03-004', 0, 0, 0, 0, '2016-08-08 02:01:18', '2016-08-08 02:01:18'),
(15, 21, 6, '4', 'hasdhasfdh', 'testB', '08/08/2016', 2, '1', 1, 1, 0, 'RJ003-03-005', 0, 0, 1, 1, '2016-08-08 02:01:45', '2016-08-08 02:02:06'),
(16, 22, 6, '4', 'dfgdf', 'test', '08/08/2016', 2, '1', 0, 1, 0, 'RJ003-03-006', 0, 0, 0, 0, '2016-08-08 02:02:54', '2016-08-08 02:02:54'),
(17, 23, 6, '4', 'hjsdgfjgsd', 'testD', '08/08/2016', 2, '1', 1, 0, 0, 'RJ003-03-007', 0, 0, 1, 0, '2016-08-08 02:03:23', '2016-08-08 02:03:23'),
(18, 24, 6, '4', 'uklhsjf', 'testD', '08/08/2016', 2, '1', 1, 0, 0, 'RJ003-03-008', 0, 0, 0, 0, '2016-08-08 02:03:43', '2016-08-08 02:03:43'),
(19, 25, 6, '4', 'swati', 'swati didi', '08/08/2016', 2, '1', 1, 0, 0, 'RJ003-03-009', 0, 0, 1, 0, '2016-08-08 02:55:36', '2016-08-08 02:55:36'),
(20, 26, 6, '4', 'jgdjdjdf', 'test', '27/06/2016', 2, '1', 1, 0, 0, 'RJ003-03-010', 0, 0, 0, 0, '2016-08-08 03:00:25', '2016-08-08 03:00:25'),
(21, 27, 6, '4', 'hfghgfhf', 'testD', '08/08/2016', 2, '1', 1, 0, 0, 'RJ003-03-011', 0, 0, 1, 0, '2016-08-08 03:00:45', '2016-08-08 03:00:45'),
(22, 28, 6, '4', 'fdgdgf', 'gdfgdg', '27/06/2016', 2, '1', 1, 0, 0, 'RJ003-03-012', 0, 0, 1, 0, '2016-08-08 04:09:22', '2016-08-08 04:09:22'),
(23, 29, 6, '4', 'cxcvx', 'hjghjg', '30/07/2016', 2, '1', 1, 0, 0, 'RJ003-03-013', 0, 0, 1, 0, '2016-08-08 04:10:09', '2016-08-08 04:10:09'),
(24, 30, 6, '4', 'c', 'testD', '27/06/2016', 2, '1', 1, 0, 0, 'RJ003-03-014', 0, 0, 1, 0, '2016-08-08 04:11:05', '2016-08-08 04:11:05'),
(25, 31, 6, '4', 'dttt', 'testD', '08/08/2016', 2, '1', 1, 0, 0, 'RJ003-03-015', 0, 0, 1, 0, '2016-08-08 04:11:45', '2016-08-08 04:11:45'),
(26, 32, 6, '4', 'bfhgf', 'test', '08/08/2016', 2, '1', 1, 0, 0, 'RJ003-03-016', 0, 0, 1, 0, '2016-08-08 04:12:47', '2016-08-08 04:12:47'),
(27, 33, 6, '4', 'digdfhgkjdh', 'iusfjdgkjfsdjf', '08/08/2016', 2, '1', 1, 0, 0, 'RJ003-03-017', 0, 0, 1, 0, '2016-08-08 04:29:41', '2016-08-08 04:29:41'),
(28, 34, 6, '4', 'hjgds', 'testD', '08/08/2016', 2, '1', 1, 0, 0, 'RJ003-03-018', 0, 0, 1, 0, '2016-08-08 04:29:59', '2016-08-08 04:29:59'),
(29, 35, 6, '4', 'xcvxtyuvtx', 'xcyrvyx', '08/08/2016', 2, '1', 1, 0, 0, 'RJ003-03-019', 0, 0, 1, 0, '2016-08-08 04:30:21', '2016-08-08 04:30:21'),
(30, 36, 6, '4', 'xcvxcghj', 'yufysduftuys', '08/08/2016', 2, '1', 1, 0, 1, 'RJ003-03-020', 0, 0, 1, 0, '2016-08-08 04:30:46', '2016-08-08 04:30:46'),
(31, 37, 6, '4', 'dfdfsfs', 'yfsdyft', '08/08/2016', 2, '1', 1, 0, 0, 'RJ003-03-021', 0, 0, 1, 0, '2016-08-08 04:31:08', '2016-08-08 04:31:08'),
(32, 38, 6, '4', 'zdz', 'tyyye', '08/08/2016', 2, '1', 1, 0, 0, 'RJ003-03-022', 0, 0, 1, 0, '2016-08-08 04:31:29', '2016-08-08 04:31:29'),
(33, 39, 6, '4', 'tyerte', 'testB', '08/08/2016', 2, '1', 1, 0, 0, 'RJ003-03-023', 0, 0, 1, 0, '2016-08-08 04:31:49', '2016-08-08 04:31:49'),
(34, 40, 6, '4', 'tytetr', 'fgfgss', '08/08/2016', 2, '1', 1, 0, 0, 'RJ003-03-024', 0, 0, 1, 0, '2016-08-08 04:32:09', '2016-08-08 04:32:09'),
(35, 47, 46, '4', 'Ravi', 'Gkkk', '10/08/2016', 2, '1', 1, 0, 0, 'RJPOF005-03-001', 0, 0, 0, 1, '2016-08-10 04:56:56', '2016-08-10 05:07:21'),
(36, 51, 46, '4', 'shyam', 'shyam lal', '14/09/2016', 6, '1', 1, 1, 0, 'RJPOF005-06-001', 0, 0, 0, 0, '2016-09-13 23:49:24', '2016-09-13 23:49:24');

-- --------------------------------------------------------

--
-- Table structure for table `student_counts`
--

CREATE TABLE IF NOT EXISTS `student_counts` (
  `id` int(10) unsigned NOT NULL AUTO_INCREMENT,
  `entityId` int(11) NOT NULL,
  `schoolId` int(11) NOT NULL,
  `classId` int(11) NOT NULL,
  `sessionYear` varchar(100) COLLATE utf8_unicode_ci NOT NULL,
  `noofstudentPMO` int(11) NOT NULL,
  `noofstudentPSO` int(11) NOT NULL,
  `handicapped` int(11) NOT NULL,
  `deleted` int(2) NOT NULL DEFAULT '0',
  `status` int(2) NOT NULL DEFAULT '0',
  `updateCounter` int(12) NOT NULL DEFAULT '0',
  `created_at` timestamp NULL DEFAULT NULL,
  `updated_at` timestamp NULL DEFAULT NULL,
  PRIMARY KEY (`id`)
) ENGINE=InnoDB  DEFAULT CHARSET=utf8 COLLATE=utf8_unicode_ci AUTO_INCREMENT=105 ;

--
-- Dumping data for table `student_counts`
--

INSERT INTO `student_counts` (`id`, `entityId`, `schoolId`, `classId`, `sessionYear`, `noofstudentPMO`, `noofstudentPSO`, `handicapped`, `deleted`, `status`, `updateCounter`, `created_at`, `updated_at`) VALUES
(26, 37, 4, 4, '2016-2017', 3, 3, 3, 0, 0, 0, '2016-07-19 00:20:04', '2016-07-19 00:20:04'),
(27, 37, 4, 5, '2016-2017', 4, 4, 4, 0, 0, 0, '2016-07-19 00:20:04', '2016-07-19 00:20:04'),
(28, 37, 4, 6, '2016-2017', 5, 3, 5, 0, 0, 0, '2016-07-19 00:20:04', '2016-07-19 00:20:04'),
(29, 37, 4, 7, '2016-2017', 6, 6, 6, 0, 0, 0, '2016-07-19 00:20:04', '2016-07-19 00:20:04'),
(30, 37, 4, 8, '2016-2017', 7, 7, 4, 0, 0, 0, '2016-07-19 00:20:05', '2016-07-19 00:20:05'),
(31, 37, 4, 9, '2016-2017', 8, 8, 8, 0, 0, 0, '2016-07-19 00:20:05', '2016-07-19 00:20:05'),
(32, 37, 4, 10, '2016-2017', 9, 9, 9, 0, 0, 0, '2016-07-19 00:20:05', '2016-07-19 00:20:05'),
(33, 40, 6, 2, '2016-2017', 1, 1, 1, 0, 0, 2, '2016-07-20 23:24:28', '2016-07-20 23:24:28'),
(34, 40, 6, 4, '2016-2017', 2, 0, 0, 0, 0, 2, '2016-07-20 23:24:29', '2016-07-20 23:24:29'),
(35, 40, 6, 5, '2016-2017', 5, 0, 0, 0, 0, 2, '2016-07-20 23:24:29', '2016-07-20 23:24:29'),
(36, 40, 6, 6, '2016-2017', 0, 0, 0, 0, 0, 2, '2016-07-20 23:24:29', '2016-07-20 23:24:29'),
(37, 40, 6, 7, '2016-2017', 0, 0, 0, 0, 0, 2, '2016-07-20 23:24:29', '2016-07-20 23:24:29'),
(38, 40, 6, 8, '2016-2017', 0, 0, 0, 0, 0, 2, '2016-07-20 23:24:30', '2016-07-20 23:24:30'),
(39, 40, 6, 9, '2016-2017', 2, 2, 0, 0, 0, 2, '2016-07-20 23:24:30', '2016-07-20 23:24:30'),
(40, 40, 6, 10, '2016-2017', 0, 0, 0, 0, 0, 2, '2016-07-20 23:24:30', '2016-07-20 23:24:30'),
(41, 42, 7, 2, '2016-2017', 0, 0, 0, 0, 0, 0, '2016-07-20 23:39:00', '2016-07-20 23:39:00'),
(42, 42, 7, 4, '2016-2017', 0, 0, 0, 0, 0, 0, '2016-07-20 23:39:00', '2016-07-20 23:39:00'),
(43, 42, 7, 5, '2016-2017', 0, 0, 0, 0, 0, 0, '2016-07-20 23:39:01', '2016-07-20 23:39:01'),
(44, 42, 7, 6, '2016-2017', 0, 0, 0, 0, 0, 0, '2016-07-20 23:39:01', '2016-07-20 23:39:01'),
(45, 42, 7, 7, '2016-2017', 0, 0, 0, 0, 0, 0, '2016-07-20 23:39:01', '2016-07-20 23:39:01'),
(46, 42, 7, 8, '2016-2017', 0, 0, 0, 0, 0, 0, '2016-07-20 23:39:01', '2016-07-20 23:39:01'),
(47, 42, 7, 9, '2016-2017', 0, 0, 0, 0, 0, 0, '2016-07-20 23:39:02', '2016-07-20 23:39:02'),
(48, 42, 7, 10, '2016-2017', 0, 0, 0, 0, 0, 0, '2016-07-20 23:39:02', '2016-07-20 23:39:02'),
(49, 46, 8, 2, '2016-2017', 10, 10, 5, 0, 0, 0, '2016-07-21 00:13:56', '2016-07-21 00:13:56'),
(50, 46, 8, 4, '2016-2017', 9, 9, 4, 0, 0, 0, '2016-07-21 00:13:56', '2016-07-21 00:13:56'),
(51, 46, 8, 5, '2016-2017', 8, 8, 3, 0, 0, 0, '2016-07-21 00:13:56', '2016-07-21 00:13:56'),
(52, 46, 8, 6, '2016-2017', 7, 7, 2, 0, 0, 0, '2016-07-21 00:13:56', '2016-07-21 00:13:56'),
(53, 46, 8, 7, '2016-2017', 6, 6, 1, 0, 0, 0, '2016-07-21 00:13:57', '2016-07-21 00:13:57'),
(54, 46, 8, 8, '2016-2017', 11, 11, 2, 0, 0, 0, '2016-07-21 00:13:57', '2016-07-21 00:13:57'),
(55, 46, 8, 9, '2016-2017', 13, 14, 8, 0, 0, 0, '2016-07-21 00:13:57', '2016-07-21 00:13:57'),
(56, 46, 8, 10, '2016-2017', 6, 7, 3, 0, 0, 0, '2016-07-21 00:13:58', '2016-07-21 00:13:58'),
(57, 51, 11, 2, '2016-2017', 0, 0, 0, 0, 0, 0, '2016-07-26 23:57:01', '2016-07-26 23:57:01'),
(58, 51, 11, 4, '2016-2017', 0, 0, 0, 0, 0, 0, '2016-07-26 23:57:02', '2016-07-26 23:57:02'),
(59, 51, 11, 5, '2016-2017', 0, 0, 0, 0, 0, 0, '2016-07-26 23:57:02', '2016-07-26 23:57:02'),
(60, 51, 11, 6, '2016-2017', 0, 0, 0, 0, 0, 0, '2016-07-26 23:57:02', '2016-07-26 23:57:02'),
(61, 51, 11, 7, '2016-2017', 0, 0, 0, 0, 0, 0, '2016-07-26 23:57:02', '2016-07-26 23:57:02'),
(62, 51, 11, 8, '2016-2017', 0, 0, 0, 0, 0, 0, '2016-07-26 23:57:03', '2016-07-26 23:57:03'),
(63, 51, 11, 9, '2016-2017', 0, 0, 0, 0, 0, 0, '2016-07-26 23:57:03', '2016-07-26 23:57:03'),
(64, 51, 11, 10, '2016-2017', 0, 0, 0, 0, 0, 0, '2016-07-26 23:57:03', '2016-07-26 23:57:03'),
(65, 3, 1, 2, '2016-2017', 0, 0, 0, 0, 0, 0, '2016-07-27 23:17:04', '2016-07-27 23:17:04'),
(66, 3, 1, 4, '2016-2017', 0, 0, 0, 0, 0, 0, '2016-07-27 23:17:05', '2016-07-27 23:17:05'),
(67, 3, 1, 5, '2016-2017', 0, 0, 0, 0, 0, 0, '2016-07-27 23:17:05', '2016-07-27 23:17:05'),
(68, 3, 1, 6, '2016-2017', 0, 0, 0, 0, 0, 0, '2016-07-27 23:17:05', '2016-07-27 23:17:05'),
(69, 3, 1, 7, '2016-2017', 0, 0, 0, 0, 0, 0, '2016-07-27 23:17:05', '2016-07-27 23:17:05'),
(70, 3, 1, 8, '2016-2017', 0, 0, 0, 0, 0, 0, '2016-07-27 23:17:05', '2016-07-27 23:17:05'),
(71, 3, 1, 9, '2016-2017', 0, 0, 0, 0, 0, 0, '2016-07-27 23:17:05', '2016-07-27 23:17:05'),
(72, 3, 1, 10, '2016-2017', 0, 0, 0, 0, 0, 0, '2016-07-27 23:17:05', '2016-07-27 23:17:05'),
(73, 5, 2, 2, '1', 0, 0, 0, 0, 0, 0, '2016-07-30 06:06:48', '2016-07-30 06:06:48'),
(74, 5, 2, 4, '1', 0, 0, 0, 0, 0, 0, '2016-07-30 06:06:48', '2016-07-30 06:06:48'),
(75, 5, 2, 5, '1', 0, 0, 0, 0, 0, 0, '2016-07-30 06:06:48', '2016-07-30 06:06:48'),
(76, 5, 2, 6, '1', 0, 0, 0, 0, 0, 0, '2016-07-30 06:06:48', '2016-07-30 06:06:48'),
(77, 5, 2, 7, '1', 0, 0, 0, 0, 0, 0, '2016-07-30 06:06:48', '2016-07-30 06:06:48'),
(78, 5, 2, 8, '1', 0, 0, 0, 0, 0, 0, '2016-07-30 06:06:48', '2016-07-30 06:06:48'),
(79, 5, 2, 9, '1', 0, 0, 0, 0, 0, 0, '2016-07-30 06:06:48', '2016-07-30 06:06:48'),
(80, 5, 2, 10, '1', 0, 0, 0, 0, 0, 0, '2016-07-30 06:06:48', '2016-07-30 06:06:48'),
(81, 6, 3, 2, '4', 0, 0, 0, 0, 0, 0, '2016-08-02 23:29:13', '2016-08-02 23:29:13'),
(82, 6, 3, 4, '4', 0, 0, 0, 0, 0, 0, '2016-08-02 23:29:13', '2016-08-02 23:29:13'),
(83, 6, 3, 5, '4', 0, 0, 0, 0, 0, 0, '2016-08-02 23:29:13', '2016-08-02 23:29:13'),
(84, 6, 3, 6, '4', 0, 0, 0, 0, 0, 0, '2016-08-02 23:29:13', '2016-08-02 23:29:13'),
(85, 6, 3, 7, '4', 0, 0, 0, 0, 0, 0, '2016-08-02 23:29:13', '2016-08-02 23:29:13'),
(86, 6, 3, 8, '4', 0, 0, 0, 0, 0, 0, '2016-08-02 23:29:13', '2016-08-02 23:29:13'),
(87, 6, 3, 9, '4', 0, 0, 0, 0, 0, 0, '2016-08-02 23:29:14', '2016-08-02 23:29:14'),
(88, 6, 3, 10, '4', 0, 0, 0, 0, 0, 0, '2016-08-02 23:29:14', '2016-08-02 23:29:14'),
(89, 42, 4, 2, '4', 0, 0, 0, 0, 0, 0, '2016-08-08 23:39:48', '2016-08-08 23:39:48'),
(90, 42, 4, 4, '4', 0, 0, 0, 0, 0, 0, '2016-08-08 23:39:48', '2016-08-08 23:39:48'),
(91, 42, 4, 5, '4', 0, 0, 0, 0, 0, 0, '2016-08-08 23:39:48', '2016-08-08 23:39:48'),
(92, 42, 4, 6, '4', 0, 0, 0, 0, 0, 0, '2016-08-08 23:39:48', '2016-08-08 23:39:48'),
(93, 42, 4, 7, '4', 0, 0, 0, 0, 0, 0, '2016-08-08 23:39:48', '2016-08-08 23:39:48'),
(94, 42, 4, 8, '4', 0, 0, 0, 0, 0, 0, '2016-08-08 23:39:48', '2016-08-08 23:39:48'),
(95, 42, 4, 9, '4', 0, 0, 0, 0, 0, 0, '2016-08-08 23:39:48', '2016-08-08 23:39:48'),
(96, 42, 4, 10, '4', 0, 0, 0, 0, 0, 0, '2016-08-08 23:39:48', '2016-08-08 23:39:48'),
(97, 46, 5, 2, '4', 0, 0, 0, 0, 0, 0, '2016-08-10 04:56:05', '2016-08-10 04:56:05'),
(98, 46, 5, 4, '4', 0, 0, 0, 0, 0, 0, '2016-08-10 04:56:05', '2016-08-10 04:56:05'),
(99, 46, 5, 5, '4', 0, 0, 0, 0, 0, 0, '2016-08-10 04:56:05', '2016-08-10 04:56:05'),
(100, 46, 5, 6, '4', 0, 0, 0, 0, 0, 0, '2016-08-10 04:56:05', '2016-08-10 04:56:05'),
(101, 46, 5, 7, '4', 0, 0, 0, 0, 0, 0, '2016-08-10 04:56:05', '2016-08-10 04:56:05'),
(102, 46, 5, 8, '4', 0, 0, 0, 0, 0, 0, '2016-08-10 04:56:05', '2016-08-10 04:56:05'),
(103, 46, 5, 9, '4', 0, 0, 0, 0, 0, 0, '2016-08-10 04:56:05', '2016-08-10 04:56:05'),
(104, 46, 5, 10, '4', 0, 0, 0, 0, 0, 0, '2016-08-10 04:56:06', '2016-08-10 04:56:06');

-- --------------------------------------------------------

--
-- Table structure for table `student_result`
--

CREATE TABLE IF NOT EXISTS `student_result` (
  `resultId` int(11) NOT NULL AUTO_INCREMENT,
  `studentId` int(11) NOT NULL,
  `questionId` int(11) NOT NULL,
  `answerId` int(11) NOT NULL,
  `correct` int(11) NOT NULL,
  `created_at` timestamp NOT NULL,
  `updated_at` timestamp NOT NULL,
  `sessionId` int(11) NOT NULL,
  `deleted` int(5) NOT NULL DEFAULT '0',
  `status` int(5) NOT NULL,
  `stream` varchar(500) NOT NULL,
  PRIMARY KEY (`resultId`)
) ENGINE=InnoDB DEFAULT CHARSET=latin1 AUTO_INCREMENT=1 ;

-- --------------------------------------------------------

--
-- Table structure for table `teams`
--

CREATE TABLE IF NOT EXISTS `teams` (
  `teamId` int(12) NOT NULL AUTO_INCREMENT,
  `teamName` varchar(200) NOT NULL,
  `cityId` int(10) NOT NULL,
  `teamLocation` varchar(100) NOT NULL,
  `teamLeader` varchar(200) NOT NULL,
  `teamCreationDate` varchar(100) NOT NULL,
  `teamEndDate` varchar(100) NOT NULL,
  `teamCode` varchar(100) NOT NULL,
  `description` varchar(500) NOT NULL,
  `deleted` int(2) NOT NULL DEFAULT '0',
  `status` int(2) NOT NULL DEFAULT '0',
  `updateCounter` int(12) NOT NULL DEFAULT '0',
  `created_at` timestamp NOT NULL DEFAULT CURRENT_TIMESTAMP,
  `updated_at` timestamp NOT NULL DEFAULT CURRENT_TIMESTAMP,
  PRIMARY KEY (`teamId`)
) ENGINE=InnoDB  DEFAULT CHARSET=latin1 AUTO_INCREMENT=12 ;

--
-- Dumping data for table `teams`
--

INSERT INTO `teams` (`teamId`, `teamName`, `cityId`, `teamLocation`, `teamLeader`, `teamCreationDate`, `teamEndDate`, `teamCode`, `description`, `deleted`, `status`, `updateCounter`, `created_at`, `updated_at`) VALUES
(1, 'Jaipur Team', 0, '1', '1', '05/07/2016', '26/06/2016', 'TEAM1', '', 0, 0, 0, '2016-07-05 01:27:55', '2016-07-05 01:27:55'),
(2, 'jaipur Team', 19, '11', '2', '28/07/2016', '28/07/2016', 'TEAM2', '', 0, 0, 2, '2016-07-27 23:14:48', '2016-07-29 00:53:22'),
(3, 'jaipur', 19, '12', '2', '29/07/2016', '29/07/2016', 'TEAM3', '', 0, 0, 1, '2016-07-28 23:14:15', '2016-07-29 00:07:56'),
(4, 'team2', 20, '15', '', '29/07/2016', '29/07/2016', 'TEAM4', '', 1, 0, 1, '2016-07-29 00:11:55', '2016-08-08 23:38:10'),
(5, 'vhasdha', 0, '0', '4', '20/07/2016', '29/07/2016', 'TEAM5', '', 0, 0, 1, '2016-07-29 00:16:18', '2016-08-02 23:36:35'),
(6, 'team22', 0, '0', '', '29/07/2016', '29/07/2016', 'TEAM6', '', 1, 0, 0, '2016-07-29 00:22:12', '2016-07-29 00:22:12'),
(7, 'panjab', 20, '15', '41', '09/08/2016', '09/08/2016', 'POFT007', '', 0, 0, 0, '2016-08-08 23:37:23', '2016-08-08 23:37:23'),
(8, 'panjab', 0, '0', '2', '10/08/2016', '', '8', '', 0, 0, 0, '2016-08-10 02:58:14', '2016-08-10 02:58:14'),
(9, 'panjab', 19, '11', '2', '10/08/2016', '10/08/2016', '9', '', 0, 0, 0, '2016-08-10 03:00:32', '2016-08-10 03:00:32'),
(10, 'panjab', 0, '0', '', '10/08/2016', '10/08/2016', '10', '', 0, 0, 0, '2016-08-10 03:03:52', '2016-08-10 03:03:52'),
(11, 'panjab', 19, '11', '2', '10/08/2016', '10/08/2016', 'test', '', 0, 0, 1, '2016-08-10 03:05:07', '2016-08-11 03:45:48');

-- --------------------------------------------------------

--
-- Table structure for table `usermodule`
--

CREATE TABLE IF NOT EXISTS `usermodule` (
  `id` int(12) NOT NULL AUTO_INCREMENT,
  `designationId` int(12) NOT NULL,
  `moduleId` int(12) NOT NULL,
  `active` varchar(10) NOT NULL DEFAULT 'N',
  `status` int(12) NOT NULL DEFAULT '0',
  `deleted` int(2) NOT NULL DEFAULT '0',
  `created_at` timestamp NULL DEFAULT NULL,
  `updated_at` timestamp NULL DEFAULT NULL,
  PRIMARY KEY (`id`)
) ENGINE=InnoDB  DEFAULT CHARSET=latin1 AUTO_INCREMENT=127 ;

--
-- Dumping data for table `usermodule`
--

INSERT INTO `usermodule` (`id`, `designationId`, `moduleId`, `active`, `status`, `deleted`, `created_at`, `updated_at`) VALUES
(52, 1, 1, 'N', 0, 0, '2016-07-27 05:01:03', '2016-07-27 05:01:03'),
(53, 1, 2, 'N', 0, 0, '2016-07-27 05:01:03', '2016-07-27 05:01:03'),
(54, 1, 3, 'N', 0, 0, '2016-07-27 05:01:03', '2016-07-27 05:01:03'),
(55, 1, 4, 'N', 0, 0, '2016-07-27 05:01:03', '2016-07-27 05:01:03'),
(56, 1, 5, 'N', 0, 0, '2016-07-27 05:01:03', '2016-07-27 05:01:03'),
(58, 9, 2, 'Y', 0, 0, '2016-07-27 05:09:09', '2016-07-27 05:09:09'),
(59, 9, 3, 'Y', 0, 0, '2016-07-27 05:09:09', '2016-07-27 05:09:09'),
(60, 9, 4, 'Y', 0, 0, '2016-07-27 05:09:09', '2016-07-27 05:09:09'),
(61, 9, 5, 'Y', 0, 0, '2016-07-27 05:09:09', '2016-07-27 05:09:09'),
(62, 9, 6, 'Y', 0, 0, '2016-07-27 05:47:50', '2016-07-27 05:47:50'),
(63, 9, 7, 'Y', 0, 0, '2016-07-27 05:47:50', '2016-07-27 05:47:50'),
(64, 9, 8, 'Y', 0, 0, '2016-07-27 05:47:50', '2016-07-27 05:47:50'),
(65, 9, 9, 'Y', 0, 0, '2016-07-27 05:47:50', '2016-07-27 05:47:50'),
(66, 1, 6, 'N', 0, 0, '2016-07-27 05:50:49', '2016-07-27 05:50:49'),
(67, 1, 7, 'Y', 0, 0, '2016-07-27 05:50:49', '2016-07-27 05:50:49'),
(68, 1, 8, 'Y', 0, 0, '2016-07-27 05:50:49', '2016-07-27 05:50:49'),
(69, 1, 9, 'Y', 0, 0, '2016-07-27 05:50:49', '2016-07-27 05:50:49'),
(70, 9, 10, 'Y', 0, 0, '2016-07-27 23:31:56', '2016-07-27 23:31:56'),
(71, 1, 10, 'N', 0, 0, '2016-07-27 23:51:40', '2016-07-27 23:51:40'),
(72, 1, 11, 'Y', 0, 0, '2016-07-27 23:51:40', '2016-07-27 23:51:40'),
(73, 1, 12, 'Y', 0, 0, '2016-07-28 00:18:03', '2016-07-28 00:18:03'),
(74, 1, 13, 'Y', 0, 0, '2016-07-28 00:18:03', '2016-07-28 00:18:03'),
(75, 1, 14, 'Y', 0, 0, '2016-07-28 00:18:03', '2016-07-28 00:18:03'),
(76, 1, 15, 'Y', 0, 0, '2016-07-28 00:18:04', '2016-07-28 00:18:04'),
(77, 1, 16, 'Y', 0, 0, '2016-07-28 00:18:04', '2016-07-28 00:18:04'),
(78, 1, 17, 'Y', 0, 0, '2016-07-28 00:18:04', '2016-07-28 00:18:04'),
(79, 9, 11, 'Y', 0, 0, '2016-07-28 00:45:43', '2016-07-28 00:45:43'),
(80, 9, 12, 'Y', 0, 0, '2016-07-28 00:45:43', '2016-07-28 00:45:43'),
(81, 9, 13, 'Y', 0, 0, '2016-07-28 00:45:43', '2016-07-28 00:45:43'),
(82, 9, 14, 'Y', 0, 0, '2016-07-28 00:45:43', '2016-07-28 00:45:43'),
(83, 9, 15, 'Y', 0, 0, '2016-07-28 00:45:43', '2016-07-28 00:45:43'),
(84, 9, 16, 'Y', 0, 0, '2016-07-28 00:45:43', '2016-07-28 00:45:43'),
(85, 9, 17, 'Y', 0, 0, '2016-07-28 00:45:43', '2016-07-28 00:45:43'),
(86, 9, 18, 'Y', 0, 0, '2016-07-30 06:04:12', '2016-07-30 06:04:12'),
(87, 9, 19, 'Y', 0, 0, '2016-07-30 06:04:12', '2016-07-30 06:04:12'),
(88, 1, 18, 'N', 0, 0, '2016-08-19 22:55:15', '2016-08-19 22:55:15'),
(89, 1, 19, 'N', 0, 0, '2016-08-19 22:55:15', '2016-08-19 22:55:15'),
(90, 8, 1, 'Y', 0, 0, '2016-08-20 02:12:12', '2016-08-20 02:12:12'),
(91, 8, 2, 'Y', 0, 0, '2016-08-20 02:12:12', '2016-08-20 02:12:12'),
(92, 8, 3, 'Y', 0, 0, '2016-08-20 02:12:12', '2016-08-20 02:12:12'),
(93, 8, 4, 'N', 0, 0, '2016-08-20 02:12:12', '2016-08-20 02:12:12'),
(94, 8, 5, 'N', 0, 0, '2016-08-20 02:12:12', '2016-08-20 02:12:12'),
(95, 8, 7, 'N', 0, 0, '2016-08-20 02:12:12', '2016-08-20 02:12:12'),
(96, 8, 8, 'N', 0, 0, '2016-08-20 02:12:12', '2016-08-20 02:12:12'),
(97, 8, 9, 'N', 0, 0, '2016-08-20 02:12:12', '2016-08-20 02:12:12'),
(98, 8, 10, 'N', 0, 0, '2016-08-20 02:12:12', '2016-08-20 02:12:12'),
(99, 8, 11, 'N', 0, 0, '2016-08-20 02:12:12', '2016-08-20 02:12:12'),
(100, 8, 12, 'N', 0, 0, '2016-08-20 02:12:12', '2016-08-20 02:12:12'),
(101, 8, 13, 'N', 0, 0, '2016-08-20 02:12:12', '2016-08-20 02:12:12'),
(102, 8, 14, 'N', 0, 0, '2016-08-20 02:12:12', '2016-08-20 02:12:12'),
(103, 8, 15, 'N', 0, 0, '2016-08-20 02:12:12', '2016-08-20 02:12:12'),
(104, 8, 16, 'N', 0, 0, '2016-08-20 02:12:12', '2016-08-20 02:12:12'),
(105, 8, 17, 'N', 0, 0, '2016-08-20 02:12:12', '2016-08-20 02:12:12'),
(106, 8, 18, 'N', 0, 0, '2016-08-20 02:12:12', '2016-08-20 02:12:12'),
(107, 8, 19, 'N', 0, 0, '2016-08-20 02:12:13', '2016-08-20 02:12:13'),
(108, 10, 1, 'Y', 0, 0, '2016-08-22 07:13:51', '2016-08-22 07:13:51'),
(109, 10, 2, 'Y', 0, 0, '2016-08-22 07:13:51', '2016-08-22 07:13:51'),
(110, 10, 3, 'Y', 0, 0, '2016-08-22 07:13:51', '2016-08-22 07:13:51'),
(111, 10, 4, 'Y', 0, 0, '2016-08-22 07:13:51', '2016-08-22 07:13:51'),
(112, 10, 5, 'Y', 0, 0, '2016-08-22 07:13:51', '2016-08-22 07:13:51'),
(113, 10, 7, 'Y', 0, 0, '2016-08-22 07:13:51', '2016-08-22 07:13:51'),
(114, 10, 8, 'Y', 0, 0, '2016-08-22 07:13:51', '2016-08-22 07:13:51'),
(115, 10, 9, 'Y', 0, 0, '2016-08-22 07:13:52', '2016-08-22 07:13:52'),
(116, 10, 10, 'Y', 0, 0, '2016-08-22 07:13:52', '2016-08-22 07:13:52'),
(117, 10, 11, 'Y', 0, 0, '2016-08-22 07:13:52', '2016-08-22 07:13:52'),
(118, 10, 12, 'N', 0, 0, '2016-08-22 07:13:52', '2016-08-22 07:13:52'),
(119, 10, 13, 'N', 0, 0, '2016-08-22 07:13:52', '2016-08-22 07:13:52'),
(120, 10, 14, 'N', 0, 0, '2016-08-22 07:13:52', '2016-08-22 07:13:52'),
(121, 10, 15, 'Y', 0, 0, '2016-08-22 07:13:52', '2016-08-22 07:13:52'),
(122, 10, 16, 'Y', 0, 0, '2016-08-22 07:13:52', '2016-08-22 07:13:52'),
(123, 10, 17, 'N', 0, 0, '2016-08-22 07:13:52', '2016-08-22 07:13:52'),
(124, 10, 18, 'N', 0, 0, '2016-08-22 07:13:52', '2016-08-22 07:13:52'),
(125, 10, 19, 'N', 0, 0, '2016-08-22 07:13:52', '2016-08-22 07:13:52'),
(126, 9, 1, 'Y', 0, 0, '2016-09-09 04:40:17', '2016-09-09 04:40:17');

-- --------------------------------------------------------

--
-- Table structure for table `users`
--

CREATE TABLE IF NOT EXISTS `users` (
  `id` int(10) unsigned NOT NULL AUTO_INCREMENT,
  `name` varchar(255) COLLATE utf8_unicode_ci NOT NULL,
  `username` varchar(255) COLLATE utf8_unicode_ci NOT NULL,
  `designationId` int(11) NOT NULL,
  `email` varchar(255) COLLATE utf8_unicode_ci NOT NULL,
  `password` varchar(255) COLLATE utf8_unicode_ci NOT NULL,
  `remember_token` varchar(100) COLLATE utf8_unicode_ci DEFAULT NULL,
  `role` varchar(100) COLLATE utf8_unicode_ci NOT NULL,
  `entityId` int(12) NOT NULL,
  `created_at` timestamp NULL DEFAULT NULL,
  `updated_at` timestamp NULL DEFAULT NULL,
  PRIMARY KEY (`id`)
) ENGINE=InnoDB  DEFAULT CHARSET=utf8 COLLATE=utf8_unicode_ci AUTO_INCREMENT=55 ;

--
-- Dumping data for table `users`
--

INSERT INTO `users` (`id`, `name`, `username`, `designationId`, `email`, `password`, `remember_token`, `role`, `entityId`, `created_at`, `updated_at`) VALUES
(1, 'ravi', 'ravikumar', 10, 'ravi@bel-technology.com', '$2y$10$FkGQcAoLjY/77rCB.3FtHuRu775HpQ5LXpnDowWPkRhVQLeszkw1C', 'InuecjHmxgJ6YJBDQNd8T8ORXFkZJkvUUuZd5Mp8ojgFqMXJL9i94WiK96w4', 'employee', 2, '2016-06-29 02:02:32', '2016-09-28 23:27:26'),
(40, 'admin', 'admin', 9, 'test@test.com', '$2y$10$sCWU6AO7nm89OkSBEYzCbO9LhjOi1b3iZFtm5qcHoMGc9vkXhvqiW', 'a9zvJJeWiVVO83huGHGRgZKfZ1RdyvnRyToQRxAYqP3P00Apr4GD0LTKshUa', '', 1, '2016-07-27 05:02:02', '2016-09-15 06:15:19'),
(41, 'admin', 'admin', 10, 'sw@test.com', '$2y$10$720DgrPOuX1EJY2jCQrhc.0EZBNA/YtRB/PVFeu/xQZBn9hQJS0ca', 'InuecjHmxgJ6YJBDQNd8T8ORXFkZJkvUUuZd5Mp8ojgFqMXJL9i94WiK96w4', '', 2, '2016-07-27 05:29:02', '2016-09-28 23:27:26'),
(42, 'jhghjgjg', 'jhghjgjg', 0, 'ravi@test.com', '$2y$10$TriDeFqbtAIqXcu0fUQF5.v3YIAIOQD8qzgPilBaIa3nFiTPWC1Ry', NULL, '', 0, '2016-07-27 23:17:04', '2016-07-27 23:17:04'),
(43, 'raj', 'raj', 8, 'new@test.com', '$2y$10$5ZsuuVa.jypPdi/STXvnmeZB5gtgP5Aii2H6kTdZsA.A35EFeC2rq', NULL, '', 4, '2016-07-29 00:54:53', '2016-07-29 00:54:53'),
(44, 'tagor public', 'tagor public', 0, 'vijay@test.com', '$2y$10$wYwbwxq3JmhWrSEQWxn.jeT2SxNsfqu5yus76JlADUnUegkxeZxUW', NULL, '', 0, '2016-07-30 06:06:47', '2016-07-30 06:06:47'),
(45, 'tagor public', 'tagor public', 0, 'ravikumawat523@gmail.com', '$2y$10$ldcS.mzSv5mO/2FjcRU.ieVHd94qhQ6s9VgGlSYMQ5SMlJbpnVR7e', NULL, '', 0, '2016-08-02 23:29:12', '2016-08-02 23:29:12'),
(46, 'PB', 'PB', 8, 'asdghadf@test.com', '$2y$10$/9qUXz67S6srEU7ZvhrYG.MgpW1KRItCn/vAMdfOCSIGg1s4trAjG', NULL, '', 41, '2016-08-08 23:28:12', '2016-08-08 23:28:12'),
(47, 'fdfgdgdfg', 'fdfgdgdfg', 0, 'ravi@bel-technology.com1', '$2y$10$TGHtiJB5clMcH/ew/IhtF.MpeZ6RcHMKbstlagdfLxAMyGaYXJGE.', NULL, '', 0, '2016-08-08 23:39:47', '2016-08-08 23:39:47'),
(48, 'PB', 'PB', 8, 'ravi@bel-technology1.com', '$2y$10$DfdZ2E2F2Rr1sOsR8nXo/OxB6KeD.e25iYdC2L/KtQz.dmA79W6MG', NULL, '', 43, '2016-08-10 03:44:03', '2016-08-10 03:44:03'),
(49, 'PB', 'PB', 8, 'ravi@bel-technology1.com1', '$2y$10$ZWxTytR1FDWKMvm7N5CiCuW2Hgp6QtMKVMvdaBOjb/xEf7n1Af9g.', 'TU6fZFbC3ujuMCIc0FnpPTrvuvAdKhS186f4et5srogLR6zkCJnwFmwaklbi', '', 44, '2016-08-10 03:45:40', '2016-08-19 23:12:45'),
(50, 'PB', 'PB', 8, 'ravyyi@bel-technology.com', '$2y$10$1NZnPznLRDSPGkLLbA.fXezdWKT14Q.YiAaYL2se7asGRzUQmY4jW', NULL, '', 45, '2016-08-10 03:48:44', '2016-08-10 03:48:44'),
(51, 'ravi school', 'ravi school', 0, 'ravi111@bel-technology.com', '$2y$10$TTIB/4chWU9ikF6ptwPCCuv3trk4oIVyvwdXtMpDvdKNn4iztqzfC', NULL, '', 0, '2016-08-10 04:56:04', '2016-08-10 04:56:04'),
(52, 'ram', 'ram', 8, 'chhipa.abida@gmail.com1', '$2y$10$abJUWMRmrtstQgK9SGqqvu3IZFAbtJjDKbX7fQwBHRLSzNqqgh0LS', NULL, '', 48, '2016-08-19 23:03:52', '2016-08-19 23:03:52'),
(53, 'Ravi', 'Ravi', 8, 'test@test.comsfsfs', '$2y$10$0OZyXAMxU.0aUvTd365c8.QSzqBxuVedrddB3L6S4xLZFJ3qvS9se', 'FCkYgZHpAVUTYbxAWGb0V7mtvGi0ieQgZOnPGTCKz3gdrCajsStqxtr5QvSG', '', 49, '2016-08-22 02:01:27', '2016-08-22 21:40:48'),
(54, 'Vijay', 'Vijay', 8, 'abc@test.com11', '$2y$10$0HWp/eG03u9U.9bpIXUICuVm96UHs3PcXnLxkNjCphkBhLVFJuoCC', NULL, '', 50, '2016-08-22 03:03:20', '2016-08-22 03:03:20');

/*!40101 SET CHARACTER_SET_CLIENT=@OLD_CHARACTER_SET_CLIENT */;
/*!40101 SET CHARACTER_SET_RESULTS=@OLD_CHARACTER_SET_RESULTS */;
/*!40101 SET COLLATION_CONNECTION=@OLD_COLLATION_CONNECTION */;
